item_id,form_id,ordem_no_form,rede_social,id_origem,contexto,texto
YOUTUBE_0001,Form_Youtube_01,1,youtube,UgxXzPlxurDIALQX89B4AaABAg,Flavio Bolsonaro,🚀🇧🇷2️⃣2️⃣👏🏼👏🏼👏🏼👏🏼
YOUTUBE_0002,Form_Youtube_01,2,youtube,UgyqXEdH92UiNvLu4Dt4AaABAg,Lula,"O Presidente Lula é o maior Estadista que o Brasil tem, já teve e terá! É o único que cuida dos brasileiros e cuida da gente! Esse é o nosso Presidente!❤❤"
YOUTUBE_0003,Form_Youtube_01,3,youtube,UgxUtpOiQAdAPskMVmh4AaABAg,Flavio Bolsonaro,🇧🇷🇧🇷🇧🇷2️⃣2️⃣🇧🇷2️⃣2️⃣😎😎2️⃣2️⃣😎2️⃣2️⃣😎2️⃣2️⃣😎2️⃣2️⃣😎2️⃣2️⃣😎2️⃣2️⃣😎2️⃣2️⃣😎2️⃣2️⃣😎🇧🇷🇧🇷🇧🇷💯💯💯 Jaír Messias Bolsonaro obrigada por existir 🕊️🙏
YOUTUBE_0004,Form_Youtube_01,4,youtube,Ugzuv93C2Liu4_xIRnp4AaABAg,Lula,"Senhor Deus Todo Poderoso,Abençoe é Proteja Luiz Inácio Lula da Silva. Vida Longa á Luiz Inácio Lula da Silva🙌🙏"
YOUTUBE_0005,Form_Youtube_01,5,youtube,Ugxw3Lfz3a5MBGtfFOh4AaABAg,Flavio Bolsonaro,"Cara que discurso é esse , os homens nao tem valor nenhum? Esse discurso da esquerda dominou a ""direita"""
YOUTUBE_0006,Form_Youtube_01,6,youtube,UgyrtXvjlVgrbN4wqLB4AaABAg,Flavio Bolsonaro,"EU AMEI A SUA ESCOLHA ,ACHO QUE NAO PODERIA TER SIDO MELHOR, GRANDE GASPAR ,ESCOLHA ILUMINADA POR DEUS....NA LIVE DO CANAL DO CLEBER A APROVAÇAO FOI GIGANTE...BORA NOSSO PRESIDENTE TIRAR O BANDIDO QUE TOMOU O LUGAR DO SEU PAI!"
YOUTUBE_0007,Form_Youtube_01,7,youtube,Ugw0Brili-ydlDJvbwJ4AaABAg,Lula,EMOCIONANTE!!! LULAAAAAAA ❤
YOUTUBE_0008,Form_Youtube_01,8,youtube,UgyKOGjtBavspYCMVl14AaABAg,Flavio Bolsonaro,"Bom dia , sim todos estamos com saudades do Bolsonaro ❤"
YOUTUBE_0009,Form_Youtube_01,9,youtube,Ugw2JXtpgY3hjvyPX5F4AaABAg,Flavio Bolsonaro,F22✈️ pra cima deles 🇧🇷🇧🇷🇧🇷🇧🇷
YOUTUBE_0010,Form_Youtube_01,10,youtube,UgyHSS5FmMjQ8eTDtlV4AaABAg,Flavio Bolsonaro,"Deus está com você e sua família, meu futuro presidente Deus está no controle da sua vida a Vitória é nossa em nome de Jesus🙌🙏🙏🙏 🙏🙏🙏🙌🙌🙌🙌"
YOUTUBE_0011,Form_Youtube_01,11,youtube,UgyWOQIhUMxTWOknrLl4AaABAg,Flavio Bolsonaro,Tomos juntos...Flávio Bolsonaro...uuuuuhhhh
YOUTUBE_0012,Form_Youtube_01,12,youtube,Ugz117Co4YEwZCmyovF4AaABAg,Flavio Bolsonaro,Meu presidente 🇧🇷💪🏻 quanta saudade do querido presidente Bolsonaro
YOUTUBE_0013,Form_Youtube_01,13,youtube,UgzO54_eWSzn96sXZ1h4AaABAg,Flavio Bolsonaro,O Brasil vai vencer!! Amémmm
YOUTUBE_0014,Form_Youtube_01,14,youtube,UgyHvL3noIr3BzGo3Q94AaABAg,Flavio Bolsonaro,🙏🇧🇷⚘️🕊⚘️🙏🇧🇷⚔️🛡⚔️Deus te abençoe e proteja ! Sempre! Em oração!🙏🇧🇷🙏🏆😇🤝🤝
YOUTUBE_0015,Form_Youtube_01,15,youtube,Ugx-c81aFw0aib3mDrl4AaABAg,Flavio Bolsonaro,TE AMAMOS FLAVIO. DEUS É CONTIGO
YOUTUBE_0016,Form_Youtube_01,16,youtube,UgztbqD5W6uPCZd30cN4AaABAg,Flavio Bolsonaro,Deus nos livre de esquerda em São Paulo
YOUTUBE_0017,Form_Youtube_01,17,youtube,Ugw6Xs_aJF1QTTmdDL54AaABAg,Lula,Da lhe Lula. 🇧🇷🥰😂🙏😘👏👏👏🌞🌸🇧🇷
YOUTUBE_0018,Form_Youtube_01,18,youtube,Ugx10ZRGw3z_1UG9Pht4AaABAg,Lula,Muito obrigada Lula por tudo !
YOUTUBE_0019,Form_Youtube_01,19,youtube,Ugx_FoobaRpX_qwkA6B4AaABAg,Flavio Bolsonaro,"Que Deus te dê a vitória, pq essa vitória tbm é nossa. 🙏🎉"
YOUTUBE_0020,Form_Youtube_01,20,youtube,Ugxmi4ZzTuqGYRlgDxl4AaABAg,Flavio Bolsonaro,Tmj Flávio 🇧🇷🇧🇷🇧🇷🇧🇷🇧🇷💎
YOUTUBE_0021,Form_Youtube_01,21,youtube,Ugz19ubHqPDiTVS67t54AaABAg,Flavio Bolsonaro,Fechado com Flávio Bolsonaro.
YOUTUBE_0022,Form_Youtube_01,22,youtube,UgzRHZrBV7r5zleb46x4AaABAg,Lula,Lula tetra 13 vamos com o time de Lula
YOUTUBE_0023,Form_Youtube_01,23,youtube,UgzDRUKh7Xha7Y0669t4AaABAg,Flavio Bolsonaro,"Quanto mais perseguem Bolsonaro, mais incentivo tenho em votar em Flávio Bolsonaro!"
YOUTUBE_0024,Form_Youtube_01,24,youtube,Ugytx079z6GEOJ6e7qF4AaABAg,Lula,É tão gratificante ter um presidente como o Lula! Ele é muito especial! Por isso a inveja é grande.
YOUTUBE_0025,Form_Youtube_01,25,youtube,Ugw4Q2siXLtjX-AIYDl4AaABAg,Flavio Bolsonaro,Conte comigo Capitão.
YOUTUBE_0026,Form_Youtube_01,26,youtube,UgyuPgDrPf-XnQMATvh4AaABAg,Lula,Lula você é um vencedor 🏆!!!!
YOUTUBE_0027,Form_Youtube_01,27,youtube,UgxfUyIYKWTy00WsdFN4AaABAg,Lula,2026 É LULA Outra Vez E Com Um Congresso Nacional De Esquerda PT 13 ⭐❤️ Neles De Ponta A Ponta Ou Seja De Vereadores E Perfeitos A Presidente Acorda Brasil 🇧🇷 Vamos Derrotar Os Fascistas E Golpistas
YOUTUBE_0028,Form_Youtube_01,28,youtube,Ugw27ZZCiFI07_T42eZ4AaABAg,Lula,Deus proteja 🙌 nosso presidente 🇧🇷 Luiz Inácio Lula da Silva 💚💚💛💛13 🌟 2026
YOUTUBE_0029,Form_Youtube_01,29,youtube,Ugy6M7UWFIhV85fw6iR4AaABAg,Flavio Bolsonaro,Tamo junto 🙏🤜🤛🇧🇷
YOUTUBE_0030,Form_Youtube_01,30,youtube,Ugx2JndVYk4c3-bchAZ4AaABAg,Flavio Bolsonaro,Conte conosco Flávio. TMJ em outubro. Flávio no primeiro turno. Que Deus esteja entre nós.
YOUTUBE_0031,Form_Youtube_01,31,youtube,UgzDBedB5x9vXk9LRop4AaABAg,Lula,Esse e como agente sabe o quê é ser pobre grande presidente lula ❤❤❤
YOUTUBE_0032,Form_Youtube_01,32,youtube,UgxzX_rbpaBK2t5dPQR4AaABAg,Flavio Bolsonaro,Estou ansiosa pra votar esse a ano ❤
YOUTUBE_0033,Form_Youtube_01,33,youtube,UgzL33Hoixi7uQBcK5J4AaABAg,Lula,Quando o bolsonaro assumiu a presidência foi a primeira coisa que eles fizeram acabou com a farmácia popular. Como o Flávio bolsonaro falou que se for eleito vai da seguimento o mesmo governo do pai.
YOUTUBE_0034,Form_Youtube_01,34,youtube,UgyaFxVF18gEynmBRwV4AaABAg,Flavio Bolsonaro,Estou muito curioso para saber quem será o seu Vice Presidente. Acredito que será uma excelente figura.
YOUTUBE_0035,Form_Youtube_01,35,youtube,Ugxu2SRTECR5atLhzqZ4AaABAg,Lula,É isso aí é legal homem em frente
YOUTUBE_0036,Form_Youtube_01,36,youtube,UgyxJ4RHvKpNoI3RO4p4AaABAg,Flavio Bolsonaro,"Enquanto os criminosos recebem benefício das ""saidinha do dia dos pais"" um pai honesto é impedido de ver seus filhos."
YOUTUBE_0037,Form_Youtube_01,37,youtube,UgwH9kwOJCnxoM0u4r54AaABAg,Lula,E dá -lhe meu presidente Lulaaaaaaa 💪💪💪🤝👏👏👏❤🤝🤝🤝👏👏❤🤝🤝👏😍
YOUTUBE_0038,Form_Youtube_01,38,youtube,UgyDjo1sVjjXvqoWWR14AaABAg,Flavio Bolsonaro,Graças a Deus hoje tem início uma luta pela liberdade do Brasil. Será uma luta do bem contra o mau. Venceremos e faremos uma RENOVAÇÃO que o Pais espera. AVANTE AMANTES DO BRASIL !!!
YOUTUBE_0039,Form_Youtube_01,39,youtube,UgxxQCs_233VcbjuoK94AaABAg,Flavio Bolsonaro,"Um juíz que entrou pra história como um juíz brasileiro Sancionado pela Europa como um violador de direitos humanos já era pra ter sofrido um impeachment, impeachment já!"
YOUTUBE_0040,Form_Youtube_01,40,youtube,UgwGDoTuj5yxRBVm4iZ4AaABAg,Lula,Presidente Luiz Inácio Lula da Silva estamos com você 131313
YOUTUBE_0041,Form_Youtube_01,41,youtube,UgwvxPcokZj64htm6KN4AaABAg,Flavio Bolsonaro,Deus é com você
YOUTUBE_0042,Form_Youtube_01,42,youtube,UgxhIOT8s6-gOqb7dj54AaABAg,Lula,LULA TE AMO QUERIDO ❤️ ❤️ ❤️
YOUTUBE_0043,Form_Youtube_01,43,youtube,UgwCg6FRCMtE3tnUX4d4AaABAg,Flavio Bolsonaro,"Bolsonaro teve filhos de outros ""casamentos"", mas o inegável é que ele sempre se mostrou presente na vida dos filhos dele. É muita sacanagem ver seu pai doente, e não poder ir visitá-lo."
YOUTUBE_0044,Form_Youtube_01,44,youtube,UgwyXSKx2WWWnPcjl1x4AaABAg,Flavio Bolsonaro,Quadrilha de ladrões corruptos.
YOUTUBE_0045,Form_Youtube_01,45,youtube,UgxnqPrIrShJ8sDWand4AaABAg,Flavio Bolsonaro,"Força Flávio, Deus está cuidando de tudo e VENCEREMOS."
YOUTUBE_0046,Form_Youtube_01,46,youtube,Ugx6kl5Dtaz2_rkRIOp4AaABAg,Lula,É só o presidente Lula pra ter coragem de fazer benefícios para o trabalhador brasileiro para todos os caminhoneiros terem mais dignidade no trabalho na profissão ❤❤❤❤❤❤❤❤ É 13 13 13 13 13 13 13 13 13 13 13 13 13 de novooooooo Lula tetra ❤❤❤❤❤❤❤❤❤❤❤❤
YOUTUBE_0047,Form_Youtube_01,47,youtube,UgyKAQ3Oq4myL5FcNuZ4AaABAg,Lula,😂❤❤👨🏽‍✈️👨🏽‍✈️👨🏽‍✈️👨🏽‍✈️😎😎🤗👨🏽‍✈️👨🏽‍✈️👨🏽‍✈️
YOUTUBE_0048,Form_Youtube_01,48,youtube,Ugz68J316xffseg41-l4AaABAg,Flavio Bolsonaro,O sistema não quer o caipira na presidência 2️⃣2️⃣🇧🇷🇧🇷🇧🇷🇧🇷 iiiruuuu
YOUTUBE_0049,Form_Youtube_01,49,youtube,UgxcvM24D_-cpyZABb94AaABAg,Lula,Lulaaaaaaa reeleito em 1 turno em outubro 2026.🇧🇷🇧🇷🇧🇷🇧🇷🏆🏆🏆🏆
YOUTUBE_0050,Form_Youtube_01,50,youtube,UgzYEuUEnhvTBQ8Ap6p4AaABAg,Lula,LULA NOVAMENTE EM 2026E E ALCKMIN VICE ❤❤NO PRIMEIRO TURNO E HADDAD GOVERNADOR DE SP E SIMONE TEBET E MARINA SILVA SENADORAS DE SP ❤❤❤❤
YOUTUBE_0051,Form_Youtube_02,1,youtube,UgyC-Q0pJCen0NX7n2p4AaABAg,Lula,Bote pra torar 2026 Lula outra vez.
YOUTUBE_0052,Form_Youtube_02,2,youtube,UgxTqzt_zHczu9NMB614AaABAg,Flavio Bolsonaro,Sou aqui de Recife 22
YOUTUBE_0053,Form_Youtube_02,3,youtube,Ugyqjzs8GeFuMR2XRtp4AaABAg,Flavio Bolsonaro,Vamos firmes com vc meu Presidente 2️⃣2️⃣🇧🇷🇧🇷🇧🇷🇧🇷
YOUTUBE_0054,Form_Youtube_02,4,youtube,Ugxg1396nzQBuQs5XwB4AaABAg,Flavio Bolsonaro,E PARA ONDE ESTA INDO O DINHEIRO DOS IMPOSYOS? FORA CONLUIO DEUS ABENCOE A FAMÍLIA BOLSONARO !
YOUTUBE_0055,Form_Youtube_02,5,youtube,UgzDroyy4SG9szRd-tt4AaABAg,Lula,Gostei muito dessa música!👍👍👍👏👏👏👏👏👏👏🌿
YOUTUBE_0056,Form_Youtube_02,6,youtube,UgyPyOIzbTmo_N3RGX54AaABAg,Lula,Atenção! Os influenciadores pagos pelo Trump@ já estão na área. Olhar as redes e todo cuidado 🙏
YOUTUBE_0057,Form_Youtube_02,7,youtube,UgzxWOl_iDl6C6K86qF4AaABAg,Flavio Bolsonaro,Com certeza parabéns concordo plenamente todos os envolvidos Deus abençoe e proteja todos
YOUTUBE_0058,Form_Youtube_02,8,youtube,UgwwmZvYUv8Q4G3SnQF4AaABAg,Flavio Bolsonaro,Bora presidente
YOUTUBE_0059,Form_Youtube_02,9,youtube,UgwGsjF-kxwZ2wWvcwt4AaABAg,Lula,VCS do PT tem que aprovar o PL 4434 ou o PL 5130 aumento igual para todos os aposentados e pensionista urgente 🇧🇷🇧🇷
YOUTUBE_0060,Form_Youtube_02,10,youtube,UgzgdXL3tQT55fqn0f54AaABAg,Flavio Bolsonaro,"Flávio , bate pesado e mostra tudo o que esse desgoverno fez no nosso Brasil, tanto na economia como na segurança. Bora pra cima !"
YOUTUBE_0061,Form_Youtube_02,11,youtube,UgzqvSrmj2pheljq_rV4AaABAg,Flavio Bolsonaro,Eu vou assistir cada momento.
YOUTUBE_0062,Form_Youtube_02,12,youtube,Ugzqfy851UmGnojLyql4AaABAg,Lula,"Lula o maior estadista do mundo hoje. Sua história sempre será lembra por muitas gerações. Obrigado Presidente Lula por tanto luta pelos trabalhadores, pelo povo brasileiro. 🇧🇷1️⃣3️⃣👊🏻"
YOUTUBE_0063,Form_Youtube_02,13,youtube,UgxFGKRjY5NfKi1whaB4AaABAg,Flavio Bolsonaro,"Paciência Flávio, nada é para sempre, em breve vamos estar felizes mesmo sabendo a dificuldade que vamos estar....tudo será alinhado...rumo ao BRASIL MELHOR🇧🇷🌹22"
YOUTUBE_0064,Form_Youtube_02,14,youtube,UgzCbYt9Pvknrr9EtvR4AaABAg,Lula,LULA E GERALDO ALCKMIN RESGATADOR DA DIGNIDADE DA SOCIEDADE.
YOUTUBE_0065,Form_Youtube_02,15,youtube,UgyoCEFbkfciktgCJEx4AaABAg,Flavio Bolsonaro,Moraes é um invejoso. Deus esta no comando.
YOUTUBE_0066,Form_Youtube_02,16,youtube,UgzgcHl7msy2hnz4DuR4AaABAg,Flavio Bolsonaro,todo apoio ao flavio e sua escolha . um pedido : um pouco de carinho com o som dos videos . o povo precisa de qualidade de som na msg para o bom entendimento . Obrigado
YOUTUBE_0067,Form_Youtube_02,17,youtube,UgwbiDoQbzZOqU65p394AaABAg,Flavio Bolsonaro,Deus abençoe sua vida
YOUTUBE_0068,Form_Youtube_02,18,youtube,UgyxT7K1wCuoX-Rcx854AaABAg,Flavio Bolsonaro,"Flávio, seja bem vindo como nosso presidente. Não aguentamos mais impostos altos e a quantidade, não justifica. Não aguentamos mais o salário mínimo de fome, não aguentamos mais a saúde falida, não aguentamos mais a educação um desastre, não aguentamos mais a falta de segurança, etc...."
YOUTUBE_0069,Form_Youtube_02,19,youtube,UgzHdHCQQqMZp5ZVmoB4AaABAg,Flavio Bolsonaro,Boa noite Deus abençoe sempre sua vida sua familia e tudo vai dar certo pois Deus é fiel ❤❤
YOUTUBE_0070,Form_Youtube_02,20,youtube,UgxVpcpaWNobUZDvkfR4AaABAg,Flavio Bolsonaro,"Num gueeentooo nem olhar para essa criatura, quanto mais ouvir essa voz horrorosa e dicção horrorosas #FlavioPresidente2026"
YOUTUBE_0071,Form_Youtube_02,21,youtube,Ugx0h4sUXbfwQX5j8Lt4AaABAg,Flavio Bolsonaro,"Eu vou, como sempre fui. Confiança no Brasil livre de bandidos. 🇧🇷"
YOUTUBE_0072,Form_Youtube_02,22,youtube,UgxVxEr5GQSUk-m1xVZ4AaABAg,Flavio Bolsonaro,Um absurdo isso isso eles roubar os aposentados fora PT
YOUTUBE_0073,Form_Youtube_02,23,youtube,UgzVfL4xZQDR3QR2FzJ4AaABAg,Lula,Janja cresceu no meu conceito. Já admirava seu trabalho. Mas agora cresceu a minha admiração. Dona Marisa está bem representada . Janja vc é especial.❤❤❤
YOUTUBE_0074,Form_Youtube_02,24,youtube,UgwSv2qLzaHmTG4UCHl4AaABAg,Flavio Bolsonaro,"Excelente domingo futuro Presidente Flávio e ao Vice Presidente Alfredo. ""Não basta pra ser livre, ser forte, aguerrido e bravo, povo que não tem virtude, acaba por ser escravo."" ""Oh nosso Brasil, mas se ergues da justiça a clava forte, verás que um filho teu não foge à luta, nem teme, quem te adora, a própria morte."" Por Deus, o bem vencerá o mal."
YOUTUBE_0075,Form_Youtube_02,25,youtube,UgyzVjdTkCxqvlX2G5J4AaABAg,Flavio Bolsonaro,Flávio 22# 🙏🙏🙏🙏🙌🇧🇷🇧🇷🇧🇷🇧🇷🇧🇷🇧🇷🇧🇷🇧🇷🇧🇷🇧🇷🇧🇷
YOUTUBE_0076,Form_Youtube_02,26,youtube,UgwE8iC4n0icmMRYH0N4AaABAg,Flavio Bolsonaro,Deus te proteja futuro presidente!Viva o Brasil!
YOUTUBE_0077,Form_Youtube_02,27,youtube,Ugxe9DWBGiINLOQw_wB4AaABAg,Flavio Bolsonaro,"ESSA FAMILIA DEVE , INDICAR DOIS CANDIDATOS BOLSONARISTAS RAIZ POR ESTADO E CONVOCAR , ISSO MESMO , CONVOCAR O POVÃO PARA FAZER UMA LIMPEZA GERAL NO SENADO FEDERAL , 🇧🇷"
YOUTUBE_0078,Form_Youtube_02,28,youtube,UgzcaO_GEvyXqq53ZLh4AaABAg,Flavio Bolsonaro,Muito boa escolha.
YOUTUBE_0079,Form_Youtube_02,29,youtube,UgxvvdGKyncEYnu8CEd4AaABAg,Lula,Deus proteja e retribua todo bem que o senhor já fez pelo Brasil!!!
YOUTUBE_0080,Form_Youtube_02,30,youtube,Ugz_cmKnbU04u9bqhCV4AaABAg,Flavio Bolsonaro,F-22 🇧🇷 Meu amigo Flávio 🇧🇷 F-22 PRIMEIRO TURNO 🇧🇷🙏🏻👏🏻👏🏻
YOUTUBE_0081,Form_Youtube_02,31,youtube,Ugw6yGDJpUo-nGtD3-l4AaABAg,Lula,Grande e Estadista.O maior de todos os tempos!
YOUTUBE_0082,Form_Youtube_02,32,youtube,UgxwsuVfbdl7EHCx8Y94AaABAg,Flavio Bolsonaro,"SE O BOLSOVÉIO TIVESSE COMPRADO O RABO DA IMPRENSA QUANDO TEVE A CHANCE, O LULADRÃO SATANÁCIO NEM TERIA VOLTADO 😡😡😡 PERGUNTA SE APRENDERAM ALGUMA COISA 😡"
YOUTUBE_0083,Form_Youtube_02,33,youtube,UgwREj9CmzAjGnhWzgt4AaABAg,Flavio Bolsonaro,Nosso futuro presidente!
YOUTUBE_0084,Form_Youtube_02,34,youtube,UgwltvwCjOLJggXgZ4p4AaABAg,Lula,"Esse é o cara, pense no presidente porreta."
YOUTUBE_0085,Form_Youtube_02,35,youtube,UgxeUw_V1xNsgk8Bv2Z4AaABAg,Flavio Bolsonaro,"FLÁVIO BOLSONARO PRESIDENTE, COM CERTEZA, SEM NENHUMA DÚVIDA!!! fora lulaladrão e pt!"
YOUTUBE_0086,Form_Youtube_02,36,youtube,UgwR3-CNCwd-SZzuAwd4AaABAg,Flavio Bolsonaro,Vamos vencer!!! Deus é por vocês e por todos os homens de bem
YOUTUBE_0087,Form_Youtube_02,37,youtube,UgxCdYP7fENFTJ-Zm3B4AaABAg,Flavio Bolsonaro,Primeiro turno 🙏🏻🇧🇷 Flávio Bolsonaro 26 Presidente do Brasil 🇧🇷🇧🇷🇧🇷🇧🇷🇧🇷🇧🇷🇧🇷
YOUTUBE_0088,Form_Youtube_02,38,youtube,UgxLdeP_Itu9LOU05i14AaABAg,Flavio Bolsonaro,"Uma pergunta: O Gaspar poderia apresentar tambem uma queixa contra o Lindbergh na Policia Civil Publica,independente do cargo que ele ocupa,mas como pessoa comum?"
YOUTUBE_0089,Form_Youtube_02,39,youtube,UgzTX3Jy0s4TF2VBG3V4AaABAg,Flavio Bolsonaro,"População de bem é contra o crime organizado, força Flávio bora consertar o Brasil."
YOUTUBE_0090,Form_Youtube_02,40,youtube,UgwYygLUL8UO-Mn9TDp4AaABAg,Flavio Bolsonaro,Flávio Bolsonaro que Deus nos abençoe. Meu voto é 22.
YOUTUBE_0091,Form_Youtube_02,41,youtube,UgyeUDoaiImSdFw_Cmx4AaABAg,Flavio Bolsonaro,FLAVIO BOLSONARO 22 22 22.
YOUTUBE_0092,Form_Youtube_02,42,youtube,UgzVBkRYwqwO3vU8Fb14AaABAg,Flavio Bolsonaro,"Estou contigo, FLÁVIO BOLSONARO! CHEGA DE IMPUNIDADE!"
YOUTUBE_0093,Form_Youtube_02,43,youtube,UgyGqYY1QnSaCrNCBCh4AaABAg,Flavio Bolsonaro,Derrite e André do Prado para o Senado em São Paulo
YOUTUBE_0094,Form_Youtube_02,44,youtube,UgzXmUX1RqPJpkAGzrF4AaABAg,Flavio Bolsonaro,Parabéns pela escolha❤❤
YOUTUBE_0095,Form_Youtube_02,45,youtube,UgwUHLRQe-TSrclNOa54AaABAg,Lula,"Meu Presidente querido!! Oro todos os dias para o nosso Deus, te proteja,te fortaleça sempre como até aqui fez para que continue protegendo nossa Democracia. És um homem muito abençoado pelo Deus verdadeiro, disso temos certeza !! A sua história linda estará nos livros de todo o mundo! ❤❤🙏🙏"
YOUTUBE_0096,Form_Youtube_02,46,youtube,UgwFj-nfGMWF2XsbcF94AaABAg,Lula,JANJA LULA SOCORRO ESTOU CEGO DO OLHO ESQUERDO E AGORA A DOENÇA PASSOU PRO OLHO DIREITO ESTOU HÁ OITO ANOS ESPERANDO UMA RESPOSTA DO INSS ESTOU DESESPERADO A PONTO DE PENSAR EM SUICÍDIO SOROCABA
YOUTUBE_0097,Form_Youtube_02,47,youtube,Ugy3AWluUsAgcf8UEkh4AaABAg,Flavio Bolsonaro,Artur Lira...????? 🙄
YOUTUBE_0098,Form_Youtube_02,48,youtube,UgyO9f-qKTwGR74TxVt4AaABAg,Flavio Bolsonaro,"Nós sabemos que não é só o ladrão e a maioria do $tf, tem os bancos, o judiciário, deputados, senadores que estão na mão do nar...."
YOUTUBE_0099,Form_Youtube_02,49,youtube,UgwSL_MK-4FQrQJ772p4AaABAg,Lula,"O Brasil os Brasileiros precisam de Lula, espero que seja reeleito e continue como Presidente do Brasil."
YOUTUBE_0100,Form_Youtube_02,50,youtube,UgxlL0QmMGiaqLbPu-x4AaABAg,Flavio Bolsonaro,"VOCÊS, JÁ PARAM PRA PENSAR ,QUE NOSSA VIDA , É UM MISTÉRIO NAS MÃOS ✋️ ✋️ DE DEUS ? ? O QUE SERÁ ? QUE NOSSA PRIMEIRA DAMA, AO SUBIR COM SEU ESPOSO PODIA IMAGINAR QUE DEUS MUDARIA A HISTÓRIA DE SUAS VIDAS ? 🇧🇷🇱🇷🇧🇷🇱🇷🇧🇷🚶‍♀️🇱🇷🇧🇷🚶‍♂️🇱🇷🇧🇷👼🇧🇷🇱🇷🚶‍♂️"
YOUTUBE_0101,Form_Youtube_03,1,youtube,Ugzf9Tfb-IbMbFBBGrp4AaABAg,Lula,Parabéns Haddad felicidades eu creio será o nosso Governador 🙏🙏🙏❤️
YOUTUBE_0102,Form_Youtube_03,2,youtube,UgwYCN8g_KRXFTY0Xh54AaABAg,Flavio Bolsonaro,Minha família inteira vota na família Bolsonaro
YOUTUBE_0103,Form_Youtube_03,3,youtube,UgxOCfU2mDcuAjIPWVN4AaABAg,Flavio Bolsonaro,Excelente escolha a do Alfredo Gaspar para vice do Presidente Flávio Bolsonaro. E que os brasileiros atentem para votar em senadores e deputados com honradez e coragem para consertar o Brasil.
YOUTUBE_0104,Form_Youtube_03,4,youtube,Ugyb2iFDfn93zX7p8u14AaABAg,Flavio Bolsonaro,BOA NOITE PRESIDENTE! VILMA DE SÃO VICENTE BAIXADA SANTISTA
YOUTUBE_0105,Form_Youtube_03,5,youtube,UgwdGpfDwbM-SATneHN4AaABAg,Flavio Bolsonaro,F22 . Deus abençoe e proteja os Bolsonaro.
YOUTUBE_0106,Form_Youtube_03,6,youtube,Ugz-bIw1oBhBmOrVprt4AaABAg,Flavio Bolsonaro,MG🔺️*Dep. Federal Caporezzo 2212 *Dep. Estadual Bruno Engler 22222 *Senador Domingos Sávio 222 *Senador Carlos Viana 555 PSD (ou Marcelo Aro 111 PP) *Governador Flávio Roscoe 22 *Pres. Flávio Bolsonaro 22😁
YOUTUBE_0107,Form_Youtube_03,7,youtube,UgzIrEkp_2SQIjA5pb94AaABAg,Flavio Bolsonaro,Preocupada com seu palanque em MINAS.💙💚💛2️⃣2️⃣🇧🇷
YOUTUBE_0108,Form_Youtube_03,8,youtube,UgxY7yiS78kR8vbBexV4AaABAg,Flavio Bolsonaro,Deus abençoe o nosso eterno presidente Jair Messias Bolsonaro..
YOUTUBE_0109,Form_Youtube_03,9,youtube,UgwJek85YdQi4r-Ckzl4AaABAg,Lula,Lula sempre!!!❤❤❤
YOUTUBE_0110,Form_Youtube_03,10,youtube,UgwHWrdhjPxMnDvjHuB4AaABAg,Flavio Bolsonaro,Flávio o Brasil vai vencer!!!❤
YOUTUBE_0111,Form_Youtube_03,11,youtube,UgzozGGj3QQugFAMjS54AaABAg,Lula,ESSE LULA É PORRETA.
YOUTUBE_0112,Form_Youtube_03,12,youtube,Ugze1GZYE3923VwEKrl4AaABAg,Lula,E verdade lula de novo ❤❤❤❤❤
YOUTUBE_0113,Form_Youtube_03,13,youtube,Ugz_tbOkUqThYbBeKZR4AaABAg,Flavio Bolsonaro,Eita música massa demais 🎉🎉🎉🎉 minha família e Bolsonaro e agora e Flávio Bolsonaro 22
YOUTUBE_0114,Form_Youtube_03,14,youtube,Ugy-23ojVQIj0rU8cD54AaABAg,Flavio Bolsonaro,Flávio Bolsonaro Alfredo Gaspar 🇧🇷 Jair Bolsonaro
YOUTUBE_0115,Form_Youtube_03,15,youtube,UgzSwnALiT5pPjRxfWd4AaABAg,Flavio Bolsonaro,É FLÁVIO NO PRIMEIRO TURNO OU NÃO HAVERÁ FUTURO!!! DEUS SEMPRE AO REDOR DE MEU PRESIDENTE E FILHOS!!! AMO MEU PRESIDENTE 💚💛😎💚💛🌻💐🌿🙌🙏🏻🙏🏻🇧🇷🇧🇷🇧🇷🇧🇷🇧🇷🇧🇷🇧🇷🇧🇷🇧🇷
YOUTUBE_0116,Form_Youtube_03,16,youtube,UgwIj1J8oj20Cb2qlHp4AaABAg,Lula,Lula o melhor presidente do Brasil rumo ao tetra!❤❤❤❤❤❤❤❤❤❤❤❤❤ VOTE 13 LULA PARA PRESIDENTE DO BRASIL
YOUTUBE_0117,Form_Youtube_03,17,youtube,UgyfqAmmtmSyZjU1hwp4AaABAg,Flavio Bolsonaro,Em nome de Jesus creia somente
YOUTUBE_0118,Form_Youtube_03,18,youtube,UgwGmjG4JLqs6RzGYPR4AaABAg,Flavio Bolsonaro,Tereza Cristina 🤢🤢🤢🤢
YOUTUBE_0119,Form_Youtube_03,19,youtube,UgztUqX9U1Tvrdlf87B4AaABAg,Flavio Bolsonaro,🌟🤠💘 Lion isair 💘👑🎮 Pablo Isair De Almeida 😎
YOUTUBE_0120,Form_Youtube_03,20,youtube,UgzbjO3W9OwMSyXzM5R4AaABAg,Lula,👏👏🥰 Nosso Querido E Marafantástico Presidente Lula 😍 🫶 trazendo mais investimentos na Saúde Pública Brasileira. O Seu Governo trabalha arduamente sempre para oferecer um tratamento humanizado no que há de melhor para a população brasileira pelo SUS 💪🥰
YOUTUBE_0121,Form_Youtube_03,21,youtube,UgyTnLZGGC9OpGFpxC14AaABAg,Flavio Bolsonaro,... Pernambuco com Flávio BOLSONARO !!!
YOUTUBE_0122,Form_Youtube_03,22,youtube,UgyzasFnbg4x9DI5FQV4AaABAg,Lula,Deus salve o nosso presidente Lula
YOUTUBE_0123,Form_Youtube_03,23,youtube,Ugz_TLE3GVMm6m8689p4AaABAg,Flavio Bolsonaro,"Parabéns Futuro Presidente Flavio Bolsonaro com muita força, fé e união venceremos!💪🙏🇧🇷🇧🇷"
YOUTUBE_0124,Form_Youtube_03,24,youtube,UgwfDiG1nmQRNyMo2ex4AaABAg,Flavio Bolsonaro,Flávio 22 🇧🇷🇧🇷🇧🇷🇧🇷
YOUTUBE_0125,Form_Youtube_03,25,youtube,UgyIJs9W_deeV594mDB4AaABAg,Flavio Bolsonaro,Nunca esqueçam: #JairBolsonaroTinhaRazão
YOUTUBE_0126,Form_Youtube_03,26,youtube,UgzbrS5EA7g1mDNZ0V54AaABAg,Flavio Bolsonaro,Príncipe Luiz Felipe para vice-presidente do Flávio Bolsonaro 2026
YOUTUBE_0127,Form_Youtube_03,27,youtube,Ugx3AUzMhNzWy-BYaGB4AaABAg,Flavio Bolsonaro,👏🏽👏🏽👏🏽👏🏽🙏🏼🇧🇷🙏🏼🇧🇷🙏🏼🇧🇷
YOUTUBE_0128,Form_Youtube_03,28,youtube,UgxAFUexuZn0s0a-Git4AaABAg,Flavio Bolsonaro,Eu acredito no Brasil e sua capacidade de se reconstruir...... Agora vai..... Acredito Deus lhe abençoe sempre grandemente.... Abraço 🫂
YOUTUBE_0129,Form_Youtube_03,29,youtube,UgyaujfL6aM47PIedwd4AaABAg,Flavio Bolsonaro,O inferno te espera desgracado
YOUTUBE_0130,Form_Youtube_03,30,youtube,Ugzg2loZFvSMcvwH3ed4AaABAg,Flavio Bolsonaro,"Não conheço a vida política desse senhor, mas confio na escolha, rumo a vitória se Deus quiser 🙏🙏🙏"
YOUTUBE_0131,Form_Youtube_03,31,youtube,UgwXmusmrW1bhs6VGXd4AaABAg,Lula,"Parabéns Presidente LULA . Por ser um ser humano maravilhoso ,que tem o olhar voltado para quem mais precisa. DEUS O ABENÇOE . LULA TETRA ...LULA TETRA....LULA TETRA ❤❤❤❤❤❤❤❤❤"
YOUTUBE_0132,Form_Youtube_03,32,youtube,Ugyk3t7sb7z_2eQB6G14AaABAg,Lula,Lulaaaaaaa 2026🎉❤😊
YOUTUBE_0133,Form_Youtube_03,33,youtube,UgyeQQiTSpjGAyKl_1x4AaABAg,Flavio Bolsonaro,22 22 22 22 🇧🇷 🇧🇷🇧🇷🇧🇷🇧🇷🇧🇷🇧🇷🇧🇷🇧🇷🇧🇷🇧🇷🇧🇷
YOUTUBE_0134,Form_Youtube_03,34,youtube,Ugx9uOpcITDVBHupD6F4AaABAg,Flavio Bolsonaro,Flavio Bolsonaro 22🇧🇷🇧🇷🇧🇷🇧🇷🇧🇷🇧🇷
YOUTUBE_0135,Form_Youtube_03,35,youtube,UgzGuCvm3mdwMrkiPHZ4AaABAg,Lula,Gratidão Presidente Lula e seu governo que cuida da classe trabalhadora desse país!
YOUTUBE_0136,Form_Youtube_03,36,youtube,UgxQ7Y_viZDZAfMqVgh4AaABAg,Lula,É isso aí Lula tetra sou teu fã
YOUTUBE_0137,Form_Youtube_03,37,youtube,UgzKFTxnCPEKGScCnN14AaABAg,Flavio Bolsonaro,Encontro esse que até russos estavam lá!
YOUTUBE_0138,Form_Youtube_03,38,youtube,Ugx7KTlr6t-l8_j8Jbh4AaABAg,Flavio Bolsonaro,Verdade ❤❤❤❤❤❤❤❤❤❤❤❤❤lula ja trabalhou muito presisa de desganco 22 flavio
YOUTUBE_0139,Form_Youtube_03,39,youtube,Ugxe5GoP0c663AVfrHV4AaABAg,Flavio Bolsonaro,"Estive lá! Emocionante quando o Flávio colocou ou um áudio de Jair Bolsonaro. Quando ele diz "" vocês não sabem a força que tem."""
YOUTUBE_0140,Form_Youtube_03,40,youtube,UgwrNOKp62xYSRNBVZt4AaABAg,Flavio Bolsonaro,É 22 Milton de Pitangui MG
YOUTUBE_0141,Form_Youtube_03,41,youtube,UgxEPCv9pS5NdAYeyJl4AaABAg,Lula,13 13 13 13 13 Lula presidente
YOUTUBE_0142,Form_Youtube_03,42,youtube,UgwtEFoyKaduQcg1OEh4AaABAg,Flavio Bolsonaro,Parabéns pela excelente escolha 🥰🥰🥰🥰🥰
YOUTUBE_0143,Form_Youtube_03,43,youtube,UgxFu8lTAlDjSwqNq_54AaABAg,Flavio Bolsonaro,Deixa de frescura chega de mimimi vai ficar chorando até quando quando seu pai só negou vacina na pandemia ele não esperava que isso poderia acontecer né você quer falar com seu pai você e seus irmãos negativo aqui se faz aqui se paga muitos brasileiros chora por falta dos seus entes queridos e dos seus pais por causa de Jair Messias bolsonaro sonegador de vacina aqui se faz aqui se paga chora na cama que é lugar quente de 2026 é lula de novo 13 com força total e você sabe que vai perder feio você não serve nem para catar o cocô agora nessas eleição você Flávio bolsonaro vai ficar igual mendigo pedindo voto aos pessoa mais pobre coisa que você falava quem vive de bolsa família é esses pobres que vivem de bolsa família que vai te dar uma coça nas urnas para você aprender a ser homem yohan o Brasil não nos Estados Unidos seu moleque vai perguntar até se cachorro agora tem título de eleitor e não adianta vir aqui para baixada Fluminense comprar voto não tá igual teu pai não que nem aqui vocês têm vez ou você tá pensando que eu esqueci do da eleição passada que vocês compraram voto a r$ 200 aqui na baixada Fluminense toma vergonha na tua cara e outra para de pedir o cara com mais de 61 milhões pedindo dinheiro
YOUTUBE_0144,Form_Youtube_03,44,youtube,UgyonsEBgYj4O8K8hKp4AaABAg,Flavio Bolsonaro,Que Deus abençoa essa família. Bolsonaro amém
YOUTUBE_0145,Form_Youtube_03,45,youtube,Ugxb4uaMPNToBPwZmtB4AaABAg,Flavio Bolsonaro,Se Deus quiser você ganhará no primeiro turno...🇧🇷🇧🇷🇧🇷🙏🙏🙏🙏💛💚🩵22 confirma
YOUTUBE_0146,Form_Youtube_03,46,youtube,UgzuI8Hyc_WBRSW1LZ54AaABAg,Flavio Bolsonaro,Se Deus quiser 22❤
YOUTUBE_0147,Form_Youtube_03,47,youtube,Ugx3E_GxL90NmV-_XJB4AaABAg,Flavio Bolsonaro,Meu voto : Flavio 22 🇧🇷
YOUTUBE_0148,Form_Youtube_03,48,youtube,UgyEmb1c012GflXdh2B4AaABAg,Lula,"É isso mesmo, Lula 2026. Nosso orgulho 😍❤"
YOUTUBE_0149,Form_Youtube_03,49,youtube,UgwikqyyM5VxfjmEoKd4AaABAg,Lula,"Meu querido presidente Luiz Inácio da Silva. Deus te abençoe e te proteja. Cuide bem da sua saúde lembrando que precisamos muito de você por mais um mandato. Te amamos. Temos. Fé em Deus que conseguiremos mais uma vitória. Vai com Deus, e nossa Senhora Aparecida te proteja com seu manto sagrado. ❤️"
YOUTUBE_0150,Form_Youtube_03,50,youtube,UgzxS8P5Pml7wjX9d0R4AaABAg,Lula,Boa tardes senhor presedenter do Brasil. Lula 13 2026 denovo nota 10.guerreiros falou tudo senhor presedenter do Brasil Inácio Lula da Silva u. Melhor presedenter do Brasil ❤❤❤❤❤❤❤❤❤❤❤❤❤❤❤❤❤❤❤❤❤❤❤❤❤❤❤❤❤❤❤❤❤❤❤❤❤❤❤❤❤
YOUTUBE_0151,Form_Youtube_04,1,youtube,Ugy0GjE-weSjxuG5feV4AaABAg,Flavio Bolsonaro,"Deus é contigo Presidente Bolsonaro e não nos desampara. Continuamos em orações ininterruptas por sua saúde e breve liberdade porque quem não deve não teme, falta pouco para que essa tortura psicológica junto ao senhor e sua família acabe Presidente Bolsonaro. Conforme sua indicação F22 meu amigo Flávio Bolsonaro eleito Presidente do Brasil em outubro de 2026 SOMOSTODOSBOLSONARO"
YOUTUBE_0152,Form_Youtube_04,2,youtube,UgzHPV0eDlMNUE7Fsmh4AaABAg,Flavio Bolsonaro,Juntos nessa guerra! 2️⃣2️⃣🇧🇷🇧🇷🇧🇷🇧🇷
YOUTUBE_0153,Form_Youtube_04,3,youtube,UgycZWrJWlq9NZWQOC14AaABAg,Flavio Bolsonaro,BOLSONARO FREE 🗽🇧🇷🗽🇧🇷🗽🇧🇷🗽🇧🇷🗽🇧🇷🗽🇧🇷🗽🇧🇷🗽🇧🇷🗽
YOUTUBE_0154,Form_Youtube_04,4,youtube,Ugym8sl-qzs4PD-XAoR4AaABAg,Flavio Bolsonaro,"Boa noite Flávio, muito feliz com sua escolha. Alfredo Gaspar não tem rabo preso, enfrentou a tirania."
YOUTUBE_0155,Form_Youtube_04,5,youtube,UgzKloFyItbMRoREQzV4AaABAg,Flavio Bolsonaro,Flávio Bolsonaro Presidente 🇧🇷🇧🇷🇧🇷
YOUTUBE_0156,Form_Youtube_04,6,youtube,UgyDfOexFmqfI6t0u1h4AaABAg,Lula,Que venha o tetra!!!! O melhor dos melhores!!!! LLLLula....
YOUTUBE_0157,Form_Youtube_04,7,youtube,UgwJJE66KghBq-uPN114AaABAg,Flavio Bolsonaro,Estamos junto presidente Flávio Bolsonaro meu voto é 22 na cabeça
YOUTUBE_0158,Form_Youtube_04,8,youtube,UgwMID2dCVvNQ37hPyh4AaABAg,Flavio Bolsonaro,22 Estou com Flavio Bolsonaro.
YOUTUBE_0159,Form_Youtube_04,9,youtube,Ugy3GAQNkzD8gWe73WF4AaABAg,Flavio Bolsonaro,Uma ótima escolha
YOUTUBE_0160,Form_Youtube_04,10,youtube,UgyVUeX0NdPKP-Wa2kF4AaABAg,Lula,"Cada um dos verdadeiros democratas deverá fazer a sua parte e entrar nessa corrente para eleger Lula & Haddad, seus vices, senadores e deputados!"
YOUTUBE_0161,Form_Youtube_04,11,youtube,Ugytmo2LbcxPJGuk0e14AaABAg,Flavio Bolsonaro,DEUS abençoe 🙏 vocês 🙏🙏 22
YOUTUBE_0162,Form_Youtube_04,12,youtube,Ugy5GhHE57WPW2aWDv54AaABAg,Flavio Bolsonaro,"Eu disse que esses jornalistas vão chorar lágrimas de sangue ainda, falaram tanto do Bolsonaro, eles esperam no próximo ano se eles eleger esse PT eles vão ser os primeiros olham os jornalistas da Venezuela, muitos morreram no meio da rua, Flávio Bolsonaro22 ❤"
YOUTUBE_0163,Form_Youtube_04,13,youtube,Ugz86RhbjesHTIwjZRN4AaABAg,Flavio Bolsonaro,"Parabéns, é a esperança 🙏🏼"
YOUTUBE_0164,Form_Youtube_04,14,youtube,UgyoQPiKSG0Vyw1EiKB4AaABAg,Flavio Bolsonaro,Dupla abençoada por Deus
YOUTUBE_0165,Form_Youtube_04,15,youtube,UgxE33pwywo11AgrboR4AaABAg,Flavio Bolsonaro,"QUANTO SOFRIMENTO,! MAIS UM DIA ISSO VAI ACABAR,DEUS ESTÁ NO COMANDO DE TUDO,ESTAMOS ORANDO PELA SUA FAMILIA."
YOUTUBE_0166,Form_Youtube_04,16,youtube,UgyIkvX-Xj_5OSIUY4l4AaABAg,Flavio Bolsonaro,"O BRASIL VAI VENCER, FLÁVIO BOLSONARO PRESIDENTE 🇧🇷 2️⃣2️⃣🙏🗽🙌"
YOUTUBE_0167,Form_Youtube_04,17,youtube,UgzU69P0Y1XamfxrANZ4AaABAg,Flavio Bolsonaro,FLAVIÃO E GASPARSÃO....ELEITOS. HHHHIIIII ....UUUULLLLL
YOUTUBE_0168,Form_Youtube_04,18,youtube,Ugy8bnlS5sX_v0n6sSp4AaABAg,Flavio Bolsonaro,"Boraaaaaaa, temos um país a resgatar!🇧🇷🔥"
YOUTUBE_0169,Form_Youtube_04,19,youtube,UgxwsTwzhfwbjxglBTJ4AaABAg,Flavio Bolsonaro,"Parabéns por sua coragem , querido Flavio Bolsonaro."
YOUTUBE_0170,Form_Youtube_04,20,youtube,UgyqM0SxQku2jhoAoXt4AaABAg,Flavio Bolsonaro,Shalom siga sempre sua fé pós ela levará você para o caminho da sua vitória final mais uma vez Shalom
YOUTUBE_0171,Form_Youtube_04,21,youtube,UgzgkuAHic3hhOuAMnZ4AaABAg,Flavio Bolsonaro,Bom dia meu Presidente
YOUTUBE_0172,Form_Youtube_04,22,youtube,Ugz3lCJB_4WQhZQlwjd4AaABAg,Flavio Bolsonaro,222222222💯💯💯💯💯💯💯💪💪💪💪💪💪
YOUTUBE_0173,Form_Youtube_04,23,youtube,Ugz9hyKvQDff2ZqHdv94AaABAg,Lula,Nunca votei no partido de direita e cada vez que vejo a sua preocupação com o povo mais desfavorecido mais eu tenho certeza que estou fazendo a escolha certa. Obrigada meu Presidente por cuidar tão bem de nós ❤❤❤.
YOUTUBE_0174,Form_Youtube_04,24,youtube,Ugy4h2rWlNX4oXGBDBF4AaABAg,Flavio Bolsonaro,Vivendo em uma Ditadura Corrupção Corrupção Corrupção Corrupção
YOUTUBE_0175,Form_Youtube_04,25,youtube,UgwVO1YISVbPeRaW3Pl4AaABAg,Lula,"Também acho que os caminhoneiros devam cravar a lei em seus caminhões. É uma, categoria de trabalhadoes muito importante para o desenvolvimento do país. Esperamos que eles saibam discernir, nas urnas, quem realmente está do lado dos trabalhadores e das trabalhadoras. Viva o partido dos Trabalhadores!!!❤"
YOUTUBE_0176,Form_Youtube_04,26,youtube,UgxvTanz7NGC8eCcyEx4AaABAg,Flavio Bolsonaro,"❤ Vai ser no primeiro turno ❤ É nós ❤22❤22❤ JairBolsonaroEmaisQueVencedor 🙌⚖️ Amei foi as minhas orações, eu não tinha agrado das outras opções, por incrível que pareça eu já tinha pensado nele. Parabéns 👏👏👏"
YOUTUBE_0177,Form_Youtube_04,27,youtube,UgyB1jsuW7uTxK1C7Ex4AaABAg,Flavio Bolsonaro,Deus abençoe o Bradil.
YOUTUBE_0178,Form_Youtube_04,28,youtube,Ugw5gjAiKG7kmq2f4z14AaABAg,Flavio Bolsonaro,Os dois lá lautaro vai gastar o que roubou dos aposentados
YOUTUBE_0179,Form_Youtube_04,29,youtube,UgzMPU78IaetFC4cSFJ4AaABAg,Flavio Bolsonaro,"Alfredo Gaspar pode e deve ser o ministro da justiça, ele que tem experiência na área"
YOUTUBE_0180,Form_Youtube_04,30,youtube,UgzcjhGIqC8xwbhB9b14AaABAg,Flavio Bolsonaro,Que Deus dê sabedoria que tudo isso passe logo
YOUTUBE_0181,Form_Youtube_04,31,youtube,UgxFJ2VY7Nj07_6PbSN4AaABAg,Flavio Bolsonaro,Presidente Flávio isso é só uma sensação segundo a Miriam Leitão
YOUTUBE_0182,Form_Youtube_04,32,youtube,UgzvV4du0IemTgKPkYJ4AaABAg,Flavio Bolsonaro,Muito boa… Vamos Vencer
YOUTUBE_0183,Form_Youtube_04,33,youtube,UgyAtOkivaQBtMKRH5J4AaABAg,Flavio Bolsonaro,"Boa Alfredo Gaspar, bom demais , e os dois🇧🇷2️⃣2️⃣🙏"
YOUTUBE_0184,Form_Youtube_04,34,youtube,UgyKe3ReWF1ql4hfx294AaABAg,Lula,🇧🇷Lula Presidente 2026🇧🇷 - Primeiro turno ❤. Nem um SEGUNDO de Anistia para 🎬GOLPISTAS🎬
YOUTUBE_0185,Form_Youtube_04,35,youtube,UgzW4WSbB6tvXPCer0J4AaABAg,Lula,"Eu daria tudo que tenho para poder estar lá no dia do início da vitória da democracia e do povo brasileiro. Eu vou entregar tempo, sangue, suor, lágrimas, e gordura pela vitória do presidente Lula em 2026"
YOUTUBE_0186,Form_Youtube_04,36,youtube,Ugw_eZRlStjG4UIXw2F4AaABAg,Flavio Bolsonaro,Vamos vencer Bolsonaro eternamente
YOUTUBE_0187,Form_Youtube_04,37,youtube,Ugzn7kQwKzqtAjh1q0p4AaABAg,Lula,"Trabalhador que pensa, vota LULA Presidente.🎉🎉"
YOUTUBE_0188,Form_Youtube_04,38,youtube,UgyiUdhYKxfl_sduFk54AaABAg,Lula,É LULA OUTRA VEZ
YOUTUBE_0189,Form_Youtube_04,39,youtube,UgyWmMMq6NErHakb2Dp4AaABAg,Flavio Bolsonaro,Flávio presidente no primeiro turno.
YOUTUBE_0190,Form_Youtube_04,40,youtube,UgzzTgWTHGhy-qqvph14AaABAg,Flavio Bolsonaro,Deus continue abençoando vocês 🙏🙏🙏🙏
YOUTUBE_0191,Form_Youtube_04,41,youtube,Ugw_iIFzJfBD39LS4pJ4AaABAg,Flavio Bolsonaro,Bom dia Parabéns Flávio Deus abençoe 🙏🙏 Estamos juntos 👏👏👏
YOUTUBE_0192,Form_Youtube_04,42,youtube,UgxCNK5OAm7kzFW_GtZ4AaABAg,Flavio Bolsonaro,"Milhares de comerciantes fechados, em todas as cidades, povo devendo para o tubarões amigos do rei, porque o país vai mal, precisamos urgente que o povo entenda isso e apoie a mudança urgente! 80% inadimplente. Mesmo que não tenha noção que um país quebrado leva a divida para seus filhos! Passarão fome no futuro proximo!"
YOUTUBE_0193,Form_Youtube_04,43,youtube,Ugz7bXJCzUTIMxGpY1d4AaABAg,Flavio Bolsonaro,A CORRUPÇÃO GERA MUITA VIOLÊNCIA! O POVO BRASILEIRO NAO QUE A PRIVATIZAÇAO DOS CORREIOS!
YOUTUBE_0194,Form_Youtube_04,44,youtube,UgxvenJ20fN-e9_dGvh4AaABAg,Lula,"É Lula e pronto, tem pra ninguém não. Kkkkkkkk"
YOUTUBE_0195,Form_Youtube_04,45,youtube,UgzMCWTu2xI1cQwz4OZ4AaABAg,Flavio Bolsonaro,"FLÁVIO BOLSONARO PRESIDENTE ELEITO NO PRIMEIRO TURNO, JUNTAMENTE COM RAQUEL LYRA AQUI EM PERNAMBUCO."
YOUTUBE_0196,Form_Youtube_04,46,youtube,UgzCEzrGXucOzaQ_rtB4AaABAg,Flavio Bolsonaro,"FLÁVIO PORQUE VOCÊ É O PL SÃO CONTRA O FIM DA ESCALA 6X1,VOCÊ É A FAVOR DA ESCRAVIDÃO, QUEREMOS A VOTAÇÃO JÁ, VOCÊ APOIA, O VOCÊ É A CADELINHA DO SISTEMA FINANCEIRO."
YOUTUBE_0197,Form_Youtube_04,47,youtube,UgyytY4ig2yXLOhSno14AaABAg,Lula,DEMOCRACIA!!SEMPRE!!😂❤
YOUTUBE_0198,Form_Youtube_04,48,youtube,Ugw8XfJX3qFKEX_Y_dJ4AaABAg,Lula,Oi. Boa. Tarde. Parabéns. Pará. Presidente. Lula. Pará. O visse. Geraldo alkmii parabéns. Pará. O. Adaide. E. Em. Mais. Pra. Todos. Que. Táo. Botado. O. Brazil. Pra. Frente❤😂😢😮obrigado. E. Muito
YOUTUBE_0199,Form_Youtube_04,49,youtube,UgzdJ36Nr2LA66n68kV4AaABAg,Lula,Vamos em frente guerreiros! Deus abençoe a todos nós.
YOUTUBE_0200,Form_Youtube_04,50,youtube,UgxJDxzGjWVU-OhtKCp4AaABAg,Lula,Lula tetra 2026 13 13 13 13 13 2026 💪 👏🏻 🇧🇷 💪
YOUTUBE_0201,Form_Youtube_05,1,youtube,UgzkPL3mLbJW1nolawt4AaABAg,Lula,Eu AMO o meu Presidente Lula 🇧🇷 ❤️ o melhor e mais HUMANISTA Presidente da História do Brasil 🇧🇷 ❤️ 👏🏾👏🏾👏🏾👏🏾👏🏾👏🏾👏🏾👏🏾👏🏾👏🏾👏🏾👏🏾👏🏾👏🏾👏🏾👏🏾👏🏾👏🏾👏🏾👏🏾👏🏾👏🏾👏🏾👏🏾👏🏾👏🏾👏🏾👏🏾👏🏾👏🏾👏🏾👏🏾👏🏾👏🏾👏🏾
YOUTUBE_0202,Form_Youtube_05,2,youtube,Ugzta51HnUUhTsw0jEx4AaABAg,Flavio Bolsonaro,22🇧🇷🇯🇵🇧🇷🇯🇵AQUI É FLÁVIO!!!!
YOUTUBE_0203,Form_Youtube_05,3,youtube,UgzdmoIzza2Ps5oLmKd4AaABAg,Flavio Bolsonaro,Avante Flávio Bolsonaro anistia já foralula.
YOUTUBE_0204,Form_Youtube_05,4,youtube,UgwyjDRL4-2O2gnXPHh4AaABAg,Flavio Bolsonaro,"Flávio, a escolha do vice foi nota 10. Parabéns!"
YOUTUBE_0205,Form_Youtube_05,5,youtube,UgzalTTvtZbcg9uN1Kp4AaABAg,Flavio Bolsonaro,"Deus é um Justo Juiz, que os perversos caiam nas suas próprias redes em nome de Jesus❤."
YOUTUBE_0206,Form_Youtube_05,6,youtube,Ugw3BAVBqFGp97Jo3Jd4AaABAg,Flavio Bolsonaro,Parabéns Flávio Bolsonaro! BORA!
YOUTUBE_0207,Form_Youtube_05,7,youtube,UgyihFip0AD9HWc7Xq94AaABAg,Lula,"PRESIDENTE LULA, QUE O SENHOR TE ABENÇOE E TE GUARDE DE TODA TREVA MALDITA BOLSONARISTA !!! 🙏🏻🙏🏻🙏🏻❤️❤️❤️👆🏻👆🏻👆🏻🇧🇷🇧🇷🇧🇷🚩🚩🚩"
YOUTUBE_0208,Form_Youtube_05,8,youtube,Ugz5UzXUgUkKmcz-6ol4AaABAg,Flavio Bolsonaro,Deus há de proteger o nosso Brasil !
YOUTUBE_0209,Form_Youtube_05,9,youtube,UgzCmGWiILIjaDY5IyZ4AaABAg,Flavio Bolsonaro,É tudo será renovado : Presidente Jair Messias Bolsonaro será libertado dessa perseguição doentia de Alexandre de Moraes
YOUTUBE_0210,Form_Youtube_05,10,youtube,Ugzz97kzHs5pKsThKn94AaABAg,Flavio Bolsonaro,"Vá ao debate da Band e a todos os debates que houver, rapaz. Mesmo sendo atacado, vá. Defenda-se e aprenda a apertar o cinto contra as pessoas que te atacarem. Desvie o foco dos ataques e mostre suas propostas."
YOUTUBE_0211,Form_Youtube_05,11,youtube,UgwgXgGAeicoE-pWSC94AaABAg,Lula,Quem está com lula minas gerais estamos juntos BH MG
YOUTUBE_0212,Form_Youtube_05,12,youtube,UgxlJsU-_oxg9C4ieAN4AaABAg,Flavio Bolsonaro,Flávio Bolsonaro 22
YOUTUBE_0213,Form_Youtube_05,13,youtube,Ugx6L3YmqDQjcw6tldR4AaABAg,Lula,LULA 🇧🇷 2026 Presidente tetra pra nossa estrela continuar brilhando 🌟🌟🌟🌟👏👏👏!! Estado Santa Catarina!!
YOUTUBE_0214,Form_Youtube_05,14,youtube,UgyNMdQkuggRAmsCmE14AaABAg,Flavio Bolsonaro,Deus vai nos abençoar.
YOUTUBE_0215,Form_Youtube_05,15,youtube,Ugwp9A0JsNx93CBercZ4AaABAg,Lula,Enquanto isto as Casas Bahia fecham 1.6mil lojas aumentando o desemprego. E o presidente palhaço 🤡 fazendo gracinha com profissão dos outros.
YOUTUBE_0216,Form_Youtube_05,16,youtube,Ugx6SKLmRCN1jYuvUIh4AaABAg,Flavio Bolsonaro,Q maravilha! Adorei o nome do Sr Alfredo Gaspar 👏🏾👏🏾👏🏾👏🏾👏🏾👏🏾👏🏾👏🏾👏🏾👏🏾👏🏾
YOUTUBE_0217,Form_Youtube_05,17,youtube,UgwPK0GMNAXEa8MpxM14AaABAg,Flavio Bolsonaro,"Daniella Marques será a melhor escolha para vice, Tereza CrisCHINA não! Como ter uma vice que é alinhada com a China e contra Trump que é o maior e melhor parceiro que o Brasil pode e deve ter! 🇧🇷🚀🇺🇸🇮🇱🙏🏻"
YOUTUBE_0218,Form_Youtube_05,18,youtube,UgzV54Bn4hEZBj8zDLd4AaABAg,Flavio Bolsonaro,Grande vice 👏👏👏👏
YOUTUBE_0219,Form_Youtube_05,19,youtube,UgwDvNzZPZ1E-uV4k9l4AaABAg,Flavio Bolsonaro,Flavio Bolsonaro ❤
YOUTUBE_0220,Form_Youtube_05,20,youtube,UgydIS0tkXNRxeAwn5J4AaABAg,Flavio Bolsonaro,Boa noite meu futuro presidente Flávio Bolsonaro ❤❤
YOUTUBE_0221,Form_Youtube_05,21,youtube,UgyLO0P9o62iX2lwdoF4AaABAg,Flavio Bolsonaro,Deus no controle de tudo senador
YOUTUBE_0222,Form_Youtube_05,22,youtube,UgwxnCF3DR_WEGOH1EB4AaABAg,Flavio Bolsonaro,Se Presidente Flávio vamos por este genocidas na cadeia
YOUTUBE_0223,Form_Youtube_05,23,youtube,UgwuH03hHmdqftUuvBx4AaABAg,Flavio Bolsonaro,"Confio que Deus te levantou pra está guerra meu irmão,por favor não nós decepciona,eu e minha família estamos contando com vc."
YOUTUBE_0224,Form_Youtube_05,24,youtube,Ugyl33k5ieOsmsIDZE94AaABAg,Flavio Bolsonaro,Minha família está com vc. Aqui no Maranhão
YOUTUBE_0225,Form_Youtube_05,25,youtube,UgxuXJWWTqHHXDABrxp4AaABAg,Flavio Bolsonaro,Nan Nan tá chegando!
YOUTUBE_0226,Form_Youtube_05,26,youtube,UgyggHkooqgV6wE_KaF4AaABAg,Flavio Bolsonaro,Excelente vice presidente 👏👏🇧🇷
YOUTUBE_0227,Form_Youtube_05,27,youtube,Ugy9NYY7nMx-9f92hDp4AaABAg,Lula,Viva o presidente Lula melhor presidente da história do Brasil 👏👏👏 Sou petista com muito orgulho É Lula presidente do Brasil novamente em 2016 no primeiro turno
YOUTUBE_0228,Form_Youtube_05,28,youtube,UgztZdtkzVsLj3X0VQh4AaABAg,Lula,✊🌹O estádio será pequeno demais🌹🇧🇷🌹
YOUTUBE_0229,Form_Youtube_05,29,youtube,UgxjxCnD8_Cqn1psgwF4AaABAg,Flavio Bolsonaro,Feliz dia dos Pais! Força meu querido!
YOUTUBE_0230,Form_Youtube_05,30,youtube,UgwPaQEHWTEYH--EjyR4AaABAg,Flavio Bolsonaro,Venceremos em primeiro turno
YOUTUBE_0231,Form_Youtube_05,31,youtube,UgxlQLGGf3CdE9Sxa-h4AaABAg,Flavio Bolsonaro,Chega de família bolsonaro Agora é RENAN SANTOS 14 🇧🇷🇧🇷🇧🇷🇧🇷🇧🇷🇧🇷🇧🇷🇧🇷🇧🇷🇧🇷
YOUTUBE_0232,Form_Youtube_05,32,youtube,UgwNZZ-5n0GBsrgC8pp4AaABAg,Flavio Bolsonaro,Deus seja louvado!
YOUTUBE_0233,Form_Youtube_05,33,youtube,Ugyml9ObMonMq74n-_V4AaABAg,Flavio Bolsonaro,"FLÁVIO 22, FEIRA DE SANTANA BA"
YOUTUBE_0234,Form_Youtube_05,34,youtube,UgyBwCDbbcwv-078UGh4AaABAg,Flavio Bolsonaro,BRASILEIROS LIBERTEM BOLSONARO URGENTE VAMOS ELEGER FLAVIO BOLSONARO NOSSO PRESIDENTE
YOUTUBE_0235,Form_Youtube_05,35,youtube,UgwhQtpiVzRHqhN9Pq14AaABAg,Lula,É verdade nosso Presidente Lula porque você e o nosso Governador Jerônimo Rodrigues são do PT e é do bem pra a sociedade do Brasil e do Mundo inteiro pó isso eu lhe dou parabéns pra todos vocês que trabalha juntos com o nosso Presidente Lula eu sou Negão 😃🤩😃🤩😃
YOUTUBE_0236,Form_Youtube_05,36,youtube,UgxkU5vGl4KJUO5_vMx4AaABAg,Flavio Bolsonaro,TOMARA QUE NAO VIRE PIZZA 🍕 🍕 🍕 🍕 🍕 🍕 🍕 🍕 🍕 🍕 🍕 🍕 🍕 🍕
YOUTUBE_0237,Form_Youtube_05,37,youtube,UgxWZ6Zfe2fMEe865Yh4AaABAg,Lula,Parabéns Presidente Lula e toda a sua equipe! L
YOUTUBE_0238,Form_Youtube_05,38,youtube,Ugy-L1kghW6ICFaYt2F4AaABAg,Lula,Lula tetra 2026 13 13 13 13 13 2026 💪 👏🏻 🇧🇷 💪 👏🏻
YOUTUBE_0239,Form_Youtube_05,39,youtube,Ugx5yCOy6AxEpHCF9HZ4AaABAg,Flavio Bolsonaro,"Estou adorando o programa! Adorei a escolha do vice! Flavio, faltou a tradução em libras"
YOUTUBE_0240,Form_Youtube_05,40,youtube,UgyTpW2UKsYCf5kqG2p4AaABAg,Lula,Parabéns Presidente Lula! 👏🏾👏🏾👏🏾👏🏾
YOUTUBE_0241,Form_Youtube_05,41,youtube,UgwiEa1lAghFhZpKRZh4AaABAg,Lula,Vamos ter um Brasil melhor com lula presidente novamente
YOUTUBE_0242,Form_Youtube_05,42,youtube,UgyHkWLspY1D6deWgpl4AaABAg,Flavio Bolsonaro,Alfredo Gaspar Sendacional!!!!
YOUTUBE_0243,Form_Youtube_05,43,youtube,UgzgUz4DOQIuwFRqQJ54AaABAg,Flavio Bolsonaro,"Muito, muito e muito satisfeita com a escolha do Alfredo Gaspar, Vice Presidente do 🇧🇷👏👏👏👏👏👏👏👏👏👏👏👏👏👏👏👏👏👏👏👏👏"
YOUTUBE_0244,Form_Youtube_05,44,youtube,UgywFnfoauHTrJOxhwZ4AaABAg,Lula,Lula vai continuar se Deus quiser.
YOUTUBE_0245,Form_Youtube_05,45,youtube,UgzJmtabJAiPegkhxSR4AaABAg,Lula,Lula reeleito é 13
YOUTUBE_0246,Form_Youtube_05,46,youtube,UgxOWJBf3opL3YaN-5d4AaABAg,Flavio Bolsonaro,Fica em paz Flávio. Porque quem não tem paz são eles. Psicopata é pouco prá eles. Mais a vitória está chegando. 🙏🏻🙏🏻🙏🏻🙏🏻🌟💪🏻💪🏻💪🏻🇧🇷🇧🇷🇧🇷💛🇧🇷💛
YOUTUBE_0247,Form_Youtube_05,47,youtube,UgxO62vCV9iKTRaDcUN4AaABAg,Flavio Bolsonaro,Eu acho que oflavio não tem que dizer oque ele vai fazer com os bandido porque tem muito bandido traficante tudo que não presta estão só de olhos porque não vão querer tirar o chefe diz ladrões se estar no governo não tomara conta do país tem muitas gente que apoia oflavio mais tem muitos bandido favor desse abutre pai da mentira edos ladrões ok
YOUTUBE_0248,Form_Youtube_05,48,youtube,UgxewKb-37xcFjexDbp4AaABAg,Lula,Conterrânea Janja mulher de verdade 🤝
YOUTUBE_0249,Form_Youtube_05,49,youtube,UgyfuoV5eRzZKt6qX4V4AaABAg,Flavio Bolsonaro,Deus abençoe você Flávio A vitória já é sua eu creio em nome de Jesus 🙏🇧🇷🇧🇷🇧🇷🇧🇷🇧🇷
YOUTUBE_0250,Form_Youtube_05,50,youtube,UgxO9r39KgbW9uiaWgd4AaABAg,Flavio Bolsonaro,"Deus é o nosso Justo Juíz, e creio que em breve, em nome de Cristo Jesus, tudo irá cair por terra meu amigo Flávio Bolsonaro, meu Presidente 🇧🇷👊🏾🙏🏾"
YOUTUBE_0251,Form_Youtube_06,1,youtube,UgwhY8ncUQRNJm4qvKd4AaABAg,Flavio Bolsonaro,Nós precisamos de você Flávio YAHU te proteja de tudo mal em nome de YAUSHA 🙏🏼🙏🏼🙏🏼
YOUTUBE_0252,Form_Youtube_06,2,youtube,UgwBsAf5hmahbWT1fDF4AaABAg,Lula,Parabéns meu Presidente Lula! Agora libera o saque de até um salário mínimo do FGTS para todos os brasileiros!!!
YOUTUBE_0253,Form_Youtube_06,3,youtube,UgxkLenWUt7-uuegRt14AaABAg,Flavio Bolsonaro,Como pode um sistema tão confiável permitir que qualquer um coloque a sua candidatura em risco?
YOUTUBE_0254,Form_Youtube_06,4,youtube,UgwEhtoTy1ZqXoq-N0t4AaABAg,Lula,Eleger Fernando Haddad para governo de São Paulo!!! No primeiro turno ❤️😍❤️
YOUTUBE_0255,Form_Youtube_06,5,youtube,UgzQqL5xIpCzBRh3SdB4AaABAg,Lula,Crescimento significativo.
YOUTUBE_0256,Form_Youtube_06,6,youtube,UgybzcvTQCB9d1Vmx5d4AaABAg,Flavio Bolsonaro,O MELHOR que podia
YOUTUBE_0257,Form_Youtube_06,7,youtube,UgyDCRJkKHqwr2EB6ZZ4AaABAg,Flavio Bolsonaro,"Continuo apoiando o Senador Flávio Bolsonaro, Douglas Ruas, Carlos Jordy e Carlos Portinho"
YOUTUBE_0258,Form_Youtube_06,8,youtube,Ugxz96js98lZMu6QlpF4AaABAg,Flavio Bolsonaro,Aqui na minha casa somos todos Flávio Bolsonaro 22
YOUTUBE_0259,Form_Youtube_06,9,youtube,UgwXSknQiZzzfBvs40x4AaABAg,Flavio Bolsonaro,Eu creio em nome de Jesus Amém ❤ 🙏
YOUTUBE_0260,Form_Youtube_06,10,youtube,Ugw_vNffBQL6MmAkTHV4AaABAg,Flavio Bolsonaro,Unidos venceremos 🇧🇷
YOUTUBE_0261,Form_Youtube_06,11,youtube,UgyUqJSf2rEc7jHzs5V4AaABAg,Flavio Bolsonaro,Sim foi ótima o Sr.Alfredo Gaspar para a chapa junto com Fábio Bolsonaro
YOUTUBE_0262,Form_Youtube_06,12,youtube,UgwSjPLxCs5BWynEzBR4AaABAg,Flavio Bolsonaro,"Sinto muito por toda injustiça que estão fazendo com seu pai. Dói meu coração, nosso querido presidente Bolsonaro não merecia passar por tudo isso. Transmita nosso abraço para ele, e um feliz dia dos pais para você também, nosso futuro presidente da República. Nós, gaúchos, temos um grande carinho por ele.❤😊"
YOUTUBE_0263,Form_Youtube_06,13,youtube,UgzjSGf5Pkv4tSn0_Hh4AaABAg,Flavio Bolsonaro,Ótima escolha nordestino como eu valeu tamos juntos sou pernambucana com orgulho
YOUTUBE_0264,Form_Youtube_06,14,youtube,UgzWddAt8PIDTikGAuB4AaABAg,Flavio Bolsonaro,Sou Gaúcho e estou com Flávio e Gaspar!
YOUTUBE_0265,Form_Youtube_06,15,youtube,Ugz4XNcNHblrK1FWWWF4AaABAg,Lula,Tem que ser muito ingrato pra não reconhecer o trabalho de Lula ✊👆🙏
YOUTUBE_0266,Form_Youtube_06,16,youtube,UgwrkKbI-OILdUPLlRF4AaABAg,Flavio Bolsonaro,EXCELENTE ESCOLHA PRESIDENTE. COM ESSE VICE O BRASIL SÓ TEM A GANHAR 🎉🎉🎉🎉🎉🎉
YOUTUBE_0267,Form_Youtube_06,17,youtube,UgwufaNDVRw65RksMoN4AaABAg,Flavio Bolsonaro,"🇺🇲🇺🇲EUA:""LEI MAGNYSTK'em breve...o TIO SÂM' das AMÉRICAS''🦅GO' TRUMP'🇧🇷🇧🇷F2️⃣2️⃣🌎🗽✨BT'🤙"
YOUTUBE_0268,Form_Youtube_06,18,youtube,UgzNJJB222TpN3J7NHl4AaABAg,Flavio Bolsonaro,"Ansiosa por 2027, será o ano do recomeço, da esperança e da recuperação da nossa nação! Flávio Bolsonaro presidente! 🙌👏👏👏👏"
YOUTUBE_0269,Form_Youtube_06,19,youtube,UgyG6sHJGjmRF78bNLp4AaABAg,Flavio Bolsonaro,Flávio nosso futuro presidente do Brasil 💛💚🇧🇷🙏🏻🙏🏻
YOUTUBE_0270,Form_Youtube_06,20,youtube,Ugzj7qiabpbsXIlpH794AaABAg,Flavio Bolsonaro,"Estamos juntos patriotas do Nordeste, Flávio Bolsonaro 22 e Alfredo Gaspar nosso vice."
YOUTUBE_0271,Form_Youtube_06,21,youtube,UgxLFqssrZ73wr4q6Zh4AaABAg,Flavio Bolsonaro,"Boa noite, Presidente Flávio Bolsonaro!🇧🇷🇧🇷🇧🇷🇧🇷🇧🇷🇧🇷"
YOUTUBE_0272,Form_Youtube_06,22,youtube,UgydanUonPWa1-WShDN4AaABAg,Flavio Bolsonaro,"Que. Sensacional,👏👏👏é o que o Brasil precisa 👏👏👏👏👏👏👏👏👏👏👏👏👏👏👏👏"
YOUTUBE_0273,Form_Youtube_06,23,youtube,UgxK6ZAD6hhEGL-dd_t4AaABAg,Lula,Olha capitão cueca 😅
YOUTUBE_0274,Form_Youtube_06,24,youtube,UgwUMNlF3gpiCSukUQF4AaABAg,Flavio Bolsonaro,"Flavio Bolsonaro 22, nosso futuro Presidente do Brasil. Deus abencoe a família Bolsonaro."
YOUTUBE_0275,Form_Youtube_06,25,youtube,UgzyBjjOWLJleIQHh3h4AaABAg,Flavio Bolsonaro,"Com Jesus, meu amigo Flávio, TUDO, TUDO é possível! FB 22 - Flavitória."
YOUTUBE_0276,Form_Youtube_06,26,youtube,UgxWXU1cFw_NAIoJUrx4AaABAg,Lula,Lula 13 ♥️♥️♥️♥️♥️♥️♥️♥️♥️♥️♥️🇧🇷🇧🇷🇧🇷🇧🇷🇧🇷🇧🇷🇧🇷💪💪💪💪💪🫵🫵🫵🫵2026
YOUTUBE_0277,Form_Youtube_06,27,youtube,UgwicJHuF4OxIsJkYmt4AaABAg,Lula,O golpe tá aí cai quem quer
YOUTUBE_0278,Form_Youtube_06,28,youtube,Ugxp3kjwOJ5uoSlNdUF4AaABAg,Flavio Bolsonaro,Na minha todo mundo sao Bolsonarista
YOUTUBE_0279,Form_Youtube_06,29,youtube,UgxoBf7hZRtTu4CSKfR4AaABAg,Flavio Bolsonaro,"Amém, Deus te abençoe Flávio."
YOUTUBE_0280,Form_Youtube_06,30,youtube,UgxnchqZsFSjx747kBl4AaABAg,Flavio Bolsonaro,"Conte com o meu voto presidente. Eu e minha família voltaremos em vc, para tirar o nosso País das garras dessa esquerda. Sou do Maranhão, sou Bolsonaro sempre 22"
YOUTUBE_0281,Form_Youtube_06,31,youtube,Ugy58-Yhr7jHYimN7-54AaABAg,Flavio Bolsonaro,"Se cuida dessa esquerda perigosa, Deus te abençoe."
YOUTUBE_0282,Form_Youtube_06,32,youtube,UgyyC4qk2If5qeqGtSh4AaABAg,Flavio Bolsonaro,"Sei que não é católico, mas ...enfim, somos cristãos! Tenho feito o Terço diário pelo Brasil, pelos 1n0c3nt3s p3rs3gv1d0s, pelo FM, DS, J.B mltres 1n0c3nt3 e f.i.l.h.o.s do C4p1tã0, que o Altíssimo conceda saúde, sabedoria, Livramento das 4rm4d1lhas do m4u e proteção 🙇🏻‍♀️ Orar sem cessar ! 🙇🏻‍♀️ 🥺"
YOUTUBE_0283,Form_Youtube_06,33,youtube,UgyTgNg85uaASdUiDYV4AaABAg,Flavio Bolsonaro,FLÁVIO BOLSONARO PRESIDENTE DO BRASIL 💚💚🇧🇷💚💚🇧🇷💚💚🇧🇷💚💚🇧🇷💚💚💚🇧🇷💚💚🇧🇷💚💚🇧🇷💚💚🇧🇷💚💚🇧🇷💚💚💚🇧🇷💚💚🇧🇷💚🇧🇷💚💚🇧🇷💚💚🇧🇷
YOUTUBE_0284,Form_Youtube_06,34,youtube,UgxrOBCprVLimy2cA3N4AaABAg,Flavio Bolsonaro,"Viva o Brasil, Força Flávio 🇧🇷💚💛"
YOUTUBE_0285,Form_Youtube_06,35,youtube,UgyK7IbMxL1iDHuB1Sp4AaABAg,Lula,Deus abençoe 🙌🏻 meu Presidente mais Amado do Brasil 🇧🇷 Luiz Inácio Lula da Silva 🇧🇷 13 🇧🇷 TETRA 🇧🇷 2026🇧🇷
YOUTUBE_0286,Form_Youtube_06,36,youtube,UgzZ-gOasgrDe-DtKrR4AaABAg,Flavio Bolsonaro,Flávio Bolsonaro nosso próximo presidente! 🇧🇷👍
YOUTUBE_0287,Form_Youtube_06,37,youtube,UgwnicvzJ9coimSHJA54AaABAg,Flavio Bolsonaro,MOLUSCO mascarado!!!!. Olhos repuxados....😂😂😂😂que teatro macabro essa política do bananil.
YOUTUBE_0288,Form_Youtube_06,38,youtube,UgxBqX4WhsDK0Hgv6A54AaABAg,Flavio Bolsonaro,2️⃣2️⃣🙏🏾🙏🏾🙏🏾🙏🏾🙏🏾🙏🏾
YOUTUBE_0289,Form_Youtube_06,39,youtube,UgxpfNqYsZ3j-G_Bq6x4AaABAg,Flavio Bolsonaro,Flávio Bolsonaro Deus e contigo não desanime não desista porque Deus e contigo feliz dia dos pais pra vc seu pai e e seus irmãos
YOUTUBE_0290,Form_Youtube_06,40,youtube,UgwD71WxRoclPPgJO_V4AaABAg,Flavio Bolsonaro,Boa noite Patriotas! Boa noite Presidente Flávio!
YOUTUBE_0291,Form_Youtube_06,41,youtube,UgyfLJDRuz4nDjvyixR4AaABAg,Flavio Bolsonaro,"Como, talvez diria Rogério Marinho, é imperioso a derrota do lula nas eleições em outubro de 2026,"
YOUTUBE_0292,Form_Youtube_06,42,youtube,Ugw3CCNAWkV6kZKMUhN4AaABAg,Flavio Bolsonaro,2️⃣2️⃣FLÁVIO BOLSONARO 🇧🇷
YOUTUBE_0293,Form_Youtube_06,43,youtube,UgxDdATY32AnLY6gJjN4AaABAg,Flavio Bolsonaro,"Que Deus abençoe o Flávio e seu vice, nessa caminhada repleta de armadilhas da esquerda."
YOUTUBE_0294,Form_Youtube_06,44,youtube,Ugw79MUgk2O0qdaWxYB4AaABAg,Flavio Bolsonaro,O JORNALISTA GUGA CHACRA DISSE QUE O BRASIL JA VIVE UMA DITADURA. IMORAES MANDANDO PRENDER JORNALISTAS. LIBERTEM O BRASIL DA DITADURA DOS JUDICIÁRIO FB22 🗽🇧🇷🗽🇧🇷
YOUTUBE_0295,Form_Youtube_06,45,youtube,UgyXEW2JGjNf158QbtF4AaABAg,Lula,História d herói ❤ Bora Lula ❤ Bora Brasil ❤
YOUTUBE_0296,Form_Youtube_06,46,youtube,Ugx-DGEqdI_OxFlZ1V94AaABAg,Flavio Bolsonaro,"Deus está vendo tudo o que estão fazendo com a família Bolsonaro,Deus vai honrar essa família 🙌"
YOUTUBE_0297,Form_Youtube_06,47,youtube,UgzwndZ-6zL4RuCczkF4AaABAg,Flavio Bolsonaro,Bora presidente! Brasil no caminho da liberdade e prosperidade de novo em 2027!!! 🙌🇧🇷🚀
YOUTUBE_0298,Form_Youtube_06,48,youtube,UgyUB7bu9zs1UYetS3J4AaABAg,Lula,A IA sendo bem usada!
YOUTUBE_0299,Form_Youtube_06,49,youtube,UgwUMuXcW01uCf7lV7h4AaABAg,Flavio Bolsonaro,"APOIANDO ARTHUR LYRA? JÁ TO VENDO COMO SERÁ O SENADO DE NOVO, DOMINADO PELO CENTRÃO, POIS NÃO CONSEGUEM VOTOS PRA APROVAR PRESIDENTES DE CAMARA E DE SENADO QUE FAÇAM ALGUMA COISA PELO BRASIL, NÃO COMECEM A NEGOCIAR CARGOS E DECEPCIONAR O ELEITORADO"
YOUTUBE_0300,Form_Youtube_06,50,youtube,UgwiRIRxSN1MWBftHxV4AaABAg,Lula,"🧑‍🏫⌛Todos os candidatos bem colocados que faltaram ao primeiro debate, passaram uma péssima imagem ao eleitor. Portanto, os eleitores indecisos esperam que Lula e Flávio Bolsonaro compareçam. Essa é a grande chance de conquistar o voto dos indecisos. 😹💡🥀"
YOUTUBE_0301,Form_Youtube_07,1,youtube,UgzJ-de6jXJyqV0h1eR4AaABAg,Flavio Bolsonaro,Não me avisam sobre as live do Flávio
YOUTUBE_0302,Form_Youtube_07,2,youtube,UgyG9fwrFTBSQ4yA9oR4AaABAg,Lula,Vamos Lula 13 13 13 awina esse povo brasileiro
YOUTUBE_0303,Form_Youtube_07,3,youtube,UgwNxLQbesJL_Eit2Hl4AaABAg,Lula,Dale Lulao!!! O melhor presidente de todos os tempos. Lula Mais forte que o mundo.
YOUTUBE_0304,Form_Youtube_07,4,youtube,Ugw9KnCDrlWt9l73d3B4AaABAg,Flavio Bolsonaro,Flávio Bolsonaro 22 🇧🇷🇧🇷🇧🇷...
YOUTUBE_0305,Form_Youtube_07,5,youtube,UgxWb__-nx7jAXcmkph4AaABAg,Flavio Bolsonaro,Flávio Bolsonaro Presidente!
YOUTUBE_0306,Form_Youtube_07,6,youtube,Ugz3xAq0mCPubWnI6nl4AaABAg,Lula,"Eleger Candidatos ligados ao PT, PSOL, PCdoB, REDE, PSB e dito isso Lula Presidente no Primeiro turno 🇧🇷🇧🇷🇧🇷🇧🇷🇧🇷🇧🇷🇧🇷🇧🇷"
YOUTUBE_0307,Form_Youtube_07,7,youtube,UgyTVZ1T0HIDj38t4f14AaABAg,Lula,Sou lula Pernambuco Olinda Caruaru e lula campeão de virada e 13 13 13 13 13 13 13 13 13 13 lula
YOUTUBE_0308,Form_Youtube_07,8,youtube,UgzEN5NYzm_ybpOrUsF4AaABAg,Flavio Bolsonaro,F-22 🇧🇷💚💛🇧🇷💚💛🙏🙏🙏🙏🙏
YOUTUBE_0309,Form_Youtube_07,9,youtube,UgyJwiTk3L8drXoC6Wx4AaABAg,Lula,Ver se brilha faz a família brasileira brilhar faz essa família brasileira sonha faz o povo mais pobre de baixa renda sonhar com dias melhores com seu salário de aumento todo ano de geração de emprego de educação de moradia de saúde de segurança o que ele tem lutado para que a segurança volte como foi nas primeira vez que ele sentou na cadeira não é brincadeira a gente sabe gente que o que bolsonaro distribuiu de arma para o nosso Brasil foi muito grande mas que Lula tem lutado com as autoridades do nosso país para que o povo brasileiro tem a paz que o povo da nosso povo brasileiro possa sair na rua sem correr todo dia os perigos em cada esquina que passa porque com bolsonaro para poder querer imposto para ele foi a forma mais rápida para ele trazer para o nosso país papo dele cidade Beco dos impostos mas que desgraçou com nosso país desgraçou com nosso povo brasileiro mas a gente vamos continuar votando em Lula para que é um povo continue sonhando e tendo paz paz e harmonia e que venha cada vez mais coisa boa para o povo porque esse sim pensa na família brasileira esse pensa na mãe de família que acorda 4:00 da manhã e só chega em casa na jornada do dia à noite lá para as 4:00 da noite❤❤❤❤❤
YOUTUBE_0310,Form_Youtube_07,10,youtube,Ugy9xTWM0TJuslxDKLZ4AaABAg,Lula,Brasil Soberano! O Brasil é dos brasileiros 🎉🎉🎉🎉🎉
YOUTUBE_0311,Form_Youtube_07,11,youtube,UgzWJfo1Sr0ug8a0IIp4AaABAg,Lula,Esse é o presidente que surgiu das cinzas igual uma fênix
YOUTUBE_0312,Form_Youtube_07,12,youtube,UgybZYbjbjJkKSaP3Rd4AaABAg,Lula,Meu presidente Amado❤❤❤❤
YOUTUBE_0313,Form_Youtube_07,13,youtube,Ugym1JUt18pLuFUz2yp4AaABAg,Lula,"As melhores conquistas que o trabalhar tem hoje. Graças ao presidente Lula. O trabalhador espera que o Senado tire da gaveta o jornada 6x1. Vamos Alcolumbre, a classe trabalhadora está esperando.😮😮"
YOUTUBE_0314,Form_Youtube_07,14,youtube,UgwqY4hBNMmuPNGaaZx4AaABAg,Lula,"DEUS MARAVILHOSO, ABENÇOE PARA SEMPRE O BRASIL, NOS LIVRE PARA SEMPRE DA EXCREMENTA DIREITA FASCISTA, NAZISTA, GENOCIDA, NARCISISTA, BOLSONARISTA E TRAMPISTA DAS TREVAS !! 💪🏻💪🏻💪🏻💪🏻💪🏻💪🏻❤️❤️🌟🌟👆🏻👆🏻🚩🚩🇧🇷"
YOUTUBE_0315,Form_Youtube_07,15,youtube,UgyPSyFPJRjggUW4K-B4AaABAg,Flavio Bolsonaro,Fora PT fora Lula fora Lula fora PT
YOUTUBE_0316,Form_Youtube_07,16,youtube,UgyoiHzI_Q9muRUcYnd4AaABAg,Flavio Bolsonaro,CANDIDATOS AO SENADO APOIADOS POR FLÁVIO BOLSONARO:* Live de Flávio Bolsonaro em 06/08/2026 *MATO GROSSO DO SUL* REINAL AZAMBUJA - PL CAPITÃO CONTAR - PL
YOUTUBE_0317,Form_Youtube_07,17,youtube,Ugy4ZUOM2XZD0ijZsUF4AaABAg,Flavio Bolsonaro,"Vamos vencer presidente, vamos vencer. 🥹 Aguenta firme que vamos nos livrar desse câncer que assola o Brasil por tanto tempo"
YOUTUBE_0318,Form_Youtube_07,18,youtube,UgzObG7Af96CncbrbIJ4AaABAg,Lula,My Grandfather ❤
YOUTUBE_0319,Form_Youtube_07,19,youtube,Ugw4Gc3_V497IhN-oLN4AaABAg,Flavio Bolsonaro,Excelente esse Trio Liberdade!!!!!
YOUTUBE_0320,Form_Youtube_07,20,youtube,Ugzhy17cuAWU6e3DA-V4AaABAg,Flavio Bolsonaro,💚💛💚💛#Flávio presidente 2027
YOUTUBE_0321,Form_Youtube_07,21,youtube,Ugz9kYbx55bw3RfR0EF4AaABAg,Flavio Bolsonaro,"Vamos lá, 22 Flávio Bolsonaro e família Bolsonaro, para resgatar o Brasil 🇧🇷🇧🇷🇧🇷🇧🇷"
YOUTUBE_0322,Form_Youtube_07,22,youtube,UgyhvXZ1xowxyCWnoLV4AaABAg,Flavio Bolsonaro,É Flávio Bolsonaro 22 🇧🇷🇧🇷🇧🇷!!!
YOUTUBE_0323,Form_Youtube_07,23,youtube,Ugw1HtD3ZJ_beYA91RB4AaABAg,Flavio Bolsonaro,"Não tentem nos fazer engoli Duprat, aqui em SP é Derrite e Salles"
YOUTUBE_0324,Form_Youtube_07,24,youtube,UgxfNRk2Nq2PFTpK39B4AaABAg,Flavio Bolsonaro,Vamos lá meu futuro Presidente Flávio Bolsonaro estamos juntos sempre 🇧🇷🤝🇧🇷🙏🙏22🇧🇷🤝🇧🇷🙏
YOUTUBE_0325,Form_Youtube_07,25,youtube,UgzcLhZDi9ui98N1ySR4AaABAg,Lula,Esses povo tem bosta na cabeça si mentira fosse super poder o lula era um dos vingadores kkkkkkkkk
YOUTUBE_0326,Form_Youtube_07,26,youtube,UgwhR_oapBoV8NNm3694AaABAg,Flavio Bolsonaro,"Vai vai vai, é a última chance. Já estou pronto para demitir se o Nine vencer!"
YOUTUBE_0327,Form_Youtube_07,27,youtube,Ugxci72vVGofuqQ4kot4AaABAg,Lula,Srs e senhoras eleitores por favor votem em senadores ❤ deputados federais ❤ deputados estaduais ❤ governadores ❤ 13 ❤ PT ❤ PSOL ❤ PCDOB ❤ REDE ❤ ESQUERDA ❤💚🌹🥀 2026 no 1 turno ❤viva as urnas eletrônicas
YOUTUBE_0328,Form_Youtube_07,28,youtube,UgyLID5QoLg85zvuoKR4AaABAg,Flavio Bolsonaro,LIBERTEM BOLSONARO
YOUTUBE_0329,Form_Youtube_07,29,youtube,UgzFTSfsJ1CeMYXrtWV4AaABAg,Flavio Bolsonaro,Flávio Bolsonaro Presidente.
YOUTUBE_0330,Form_Youtube_07,30,youtube,UgwwABfXLF-Oer5chzJ4AaABAg,Lula,Boa noite Brasil Soberano e Democracia parabéns pelas suas palavras verdadeiras meu presidente Lula é o melhor do Brasil Lula 13 13 13 13 13 13 Tetra 2026 ❤❤❤❤❤🙏🙏🙏🙏🙏
YOUTUBE_0331,Form_Youtube_07,31,youtube,UgwAQSwvcQbD33uLpSR4AaABAg,Flavio Bolsonaro,Flávio Bolsonaro presidente 2026🇧🇷2️⃣2️⃣🇧🇷 #LibertemBolsonaro #libertemTodosOsPresosPoliticosDo08DeJaneiro
YOUTUBE_0332,Form_Youtube_07,32,youtube,UgwGP-pDEixs0yf7pDh4AaABAg,Flavio Bolsonaro,Flávio Bolsonaro precisamos salvar o Brasil!!! 🇧🇷🇧🇷🇧🇷🇧🇷
YOUTUBE_0333,Form_Youtube_07,33,youtube,Ugxk7jxwtpp7_-K3bTZ4AaABAg,Flavio Bolsonaro,"O Brasil virou chiqueiro, e os porcos estão mandando e desmandando, estes porcos um dia vão cair se Deus quiser."
YOUTUBE_0334,Form_Youtube_07,34,youtube,Ugy-GtuPFyqeY2zXeV54AaABAg,Flavio Bolsonaro,"Só vou votar em você porque é o jeito, mas eu queria era o teu pai como Presidente 😅 Mas o 01 vai valer 🙌🏻"
YOUTUBE_0335,Form_Youtube_07,35,youtube,UgwgIeMS-2868lG6vWp4AaABAg,Lula,Deus te abençoe e te proteja de tudo e de todos sempre presidente Lula!❤❤❤❤❤❤❤❤❤❤❤❤❤
YOUTUBE_0336,Form_Youtube_07,36,youtube,UgwiLZKZW0Yxcey4jTZ4AaABAg,Flavio Bolsonaro,"Alfredo Gaspar , Homem de respeito. Ótima escolha"
YOUTUBE_0337,Form_Youtube_07,37,youtube,UgwVkhI1i9QoLw51JiJ4AaABAg,Flavio Bolsonaro,É Flávio Bolsonaro para presidente em 2027.
YOUTUBE_0338,Form_Youtube_07,38,youtube,UgxA71HoNnOEOuez94Z4AaABAg,Lula,PARABÉNS NOSSO AMIGO PRESIDENTE LULA LÍDER BRASILEIRO GIGANTESCO PAI DO BRASIL O PODER DA SUA VOZ ACALANTA A NOSSA VIDA E VIVÊNCIA NO NOSSO BRASIL SOBERANO LIVRE RICO VIVO....PARABÉNS PRESIDENTE LULA É O SER HUMANO MAIS CONVIDADO AO NOSSOS OUVIDOS NOSSOS OLHOS EM NOSSA VIDA E EM NOSSA HISTÓRIA. PARABÉNS
YOUTUBE_0339,Form_Youtube_07,39,youtube,Ugy3VssYykc9XrrE2jl4AaABAg,Flavio Bolsonaro,Bom dia estamos juntos capitão
YOUTUBE_0340,Form_Youtube_07,40,youtube,UgwGFpm5J7Npanpx33V4AaABAg,Lula,Lula só sai da presidência em 2030
YOUTUBE_0341,Form_Youtube_07,41,youtube,UgzgZAXRAi2atAQDBYV4AaABAg,Lula,"✅✅ Presidente Lula, pedimos o seu apoio para que a Petrobras estude zerar o cadastro de reserva do concurso PSP 2023.2! São 3 MIL FAMÍLIAS na esperança com milhares de mulheres, mães solo, negros e PcDs qualificados e prontos para trabalhar. Nos ajude a realizar esse sonho⭐❤️❤️❤️ ✅✅ Presidente Lula, pedimos o seu apoio para que a Petrobras estude zerar o cadastro de reserva do concurso PSP 2023.2! São 3 MIL FAMÍLIAS na esperança da convocação ⭐❤️❤️❤️"
YOUTUBE_0342,Form_Youtube_07,42,youtube,UgyfvibwgIoRj3uZbDh4AaABAg,Lula,VENDO ISSO>>>❤❤PRESIDENTE LULA13 REELEITO JÁ NO PRIMEIRO TURNO COM CERTEZA ABSOLUTA 👍 ❤️
YOUTUBE_0343,Form_Youtube_07,43,youtube,UgyMxBtWRYIxeilX1IV4AaABAg,Lula,Graças à a Deus que nosso presidente Lula e muito feliz deus te proteja gratidão presidente ❤🎉❤🎉❤🎉
YOUTUBE_0344,Form_Youtube_07,44,youtube,UgwAyGSf57FNNnbOdZN4AaABAg,Flavio Bolsonaro,"Estamos cansados desse maldito stf corriola de gente maldita. Desrespeito a CFB, violam tratados internacionais, sem qq respeito a verdade . Saibam que não estamos aguentando mais. Povo que pela mão do destino encontram esses seres pela frente e começam ou até já têm consciência do tipo de gente que são, façam o favor: saiam de perto deles. Eles têm que ter como destino a solidão . Podem até pagar altos salários nas, são seres ruins. 🤮"
YOUTUBE_0345,Form_Youtube_07,45,youtube,Ugy1LYTl4AGd44zf2HB4AaABAg,Flavio Bolsonaro,"VEJA: Petistas divulgam vídeo de Lula com dez dedos, mas Justiça Eleitoral não vê motivo para punir uso de 'IA'."
YOUTUBE_0346,Form_Youtube_07,46,youtube,UgzZ1u6wUk2Lgy5IT_h4AaABAg,Lula,"Lula tetra ... historico . Parabéns, uma pessoa com um coração gigante com empatia nos dias de hoje é raro , e quando parte da sociedade refletir sobre isso talvez fique só na lembrança. Eu tenho a plena tranquilidade de saber que estive sempre do lado certo da historia ..."
YOUTUBE_0347,Form_Youtube_07,47,youtube,UgxeTvyVAOyteoeJrwJ4AaABAg,Flavio Bolsonaro,Meu amigo Flávio bolsonaro presidente do Brasil 🇧🇷 🇧🇷 🇧🇷 🇧🇷 🇧🇷
YOUTUBE_0348,Form_Youtube_07,48,youtube,UgxrtY8D_nhB3pr38yN4AaABAg,Lula,Viva Lulaaaaa 🎉🎉🎉🎉🎉
YOUTUBE_0349,Form_Youtube_07,49,youtube,Ugwtp5r-dgqPSDdxXNV4AaABAg,Flavio Bolsonaro,"Eu tive um ótimo Dia dos Pais com meus filhos, pq não tentei ou apoiei g0lpe de Estado e bem descumpri Medidas Cautelares, cada um colhe o q planta e Flávio se vitimizando achando q as leis não se enquadram no caso d Jair, a lei tem q ser igual p tds, vcs gostem ou não"
YOUTUBE_0350,Form_Youtube_07,50,youtube,UgxxrYa4g0quDdyvoDZ4AaABAg,Lula,Lula 13 Brasil ❤❤❤❤
YOUTUBE_0351,Form_Youtube_08,1,youtube,Ugx0qmKCefK3xBca1i94AaABAg,Lula,Lula presidente do Brasil
YOUTUBE_0352,Form_Youtube_08,2,youtube,UgyFE1WwEd-BD7pApEJ4AaABAg,Lula,"Deus abençoe lula e janja, voto 🗳️ senadores e deputados para governador Haddad 🇧🇷🚩🇧🇷🇧🇷 é 13 🚩🚩🇧🇷🇧🇷🚩"
YOUTUBE_0353,Form_Youtube_08,3,youtube,UgxVPrl_OuezpcWoKXt4AaABAg,Flavio Bolsonaro,SAUDADE DO SEU PAI
YOUTUBE_0354,Form_Youtube_08,4,youtube,UgweeO2Ycp-lNyGdlqx4AaABAg,Flavio Bolsonaro,DEUS SEJA LOUVADO NAO PARAR NAO RETROCEDER ESMAGAR O SISTEMA APODRECIDO MITOOOORGULHOFLAVIOGASPAR26.
YOUTUBE_0355,Form_Youtube_08,5,youtube,UgxraauWREVpzD2EVep4AaABAg,Flavio Bolsonaro,Sou alagoano..moro em Piracicaba sp..voto 22 vezes em Flávio
YOUTUBE_0356,Form_Youtube_08,6,youtube,UgwJz1mgZsVAOOg7wz14AaABAg,Flavio Bolsonaro,Está ótimo o som👍
YOUTUBE_0357,Form_Youtube_08,7,youtube,UgxlabofsnsTp6h7VaV4AaABAg,Flavio Bolsonaro,*Deus proteja de todo mal Flavio Bolsonaro e toda FAMÍLIA BOLSONARO e os abençoe grandemente!* 🙏🏻
YOUTUBE_0358,Form_Youtube_08,8,youtube,UgzFmd29SJSUW9r8AXJ4AaABAg,Lula,Lula sempre milhões de vezes ❤️❤️❤️❤️❤️ orgulho
YOUTUBE_0359,Form_Youtube_08,9,youtube,Ugw4gfcr_jvFLXSXXAh4AaABAg,Flavio Bolsonaro,"Quero que vc se mantenha firme em sua candidatura. Cabeça erguida haja o que houver, esteja firme até o fim."
YOUTUBE_0360,Form_Youtube_08,10,youtube,UgyrjNStzNwyCfSNioB4AaABAg,Flavio Bolsonaro,Se o Lula rouba Lulinha também vai roubar aprendeu com o papai e os trouxa fala que ele defende os pobres ele arranca o dinheiro dos pobres
YOUTUBE_0361,Form_Youtube_08,11,youtube,Ugwvoo3qasCHFUTsvwJ4AaABAg,Flavio Bolsonaro,Flávio Bolsonaro 22 Presidente. Alfredo Gaspar VICE 🇧🇷🇺🇸🗽🙏
YOUTUBE_0362,Form_Youtube_08,12,youtube,Ugxhre1mfaYC-NR6Gy54AaABAg,Flavio Bolsonaro,"Tá de parabéns aos Flávio Bolsonaro, qualificar como vice presidente, o Alfredo Gaspar de Mendonça Neto é o candidato oficial a vice-presidente do Brasil na chapa de Flávio Bolsonaro (PL) para as eleições presidenciais. Atualmente exercendo o seu primeiro mandato como deputado federal por Alagoas, ele consolidou-se como um dos nomes proeminentes da ala conservadora no Congresso Nacional."
YOUTUBE_0363,Form_Youtube_08,13,youtube,Ugzn0KSbuT5sBo9skf14AaABAg,Flavio Bolsonaro,F22F22F22 Curitiba Pr 🇧🇷🇧🇷🇧🇷💚💛💚💛💚💛✌🏻
YOUTUBE_0364,Form_Youtube_08,14,youtube,UgzJX99-0WGzEpYqtct4AaABAg,Lula,LULA É ABENÇOADO POR DEUS! ELES CUIDAM DE NÓS ❤❤❤
YOUTUBE_0365,Form_Youtube_08,15,youtube,UgyZ0dMkniujsScZeGl4AaABAg,Flavio Bolsonaro,Vambora!!!! Agora é 22!! ...é o 01 é o 01... FLÁVIO BOLSONARO!!
YOUTUBE_0366,Form_Youtube_08,16,youtube,UgxZw_Td3d4gg9PfouN4AaABAg,Flavio Bolsonaro,Deus no COMANDO. 22.
YOUTUBE_0367,Form_Youtube_08,17,youtube,Ugz9MG_kF9oexq2h0-J4AaABAg,Flavio Bolsonaro,"Que alegria futuro presidente, não podia ser melhor a escolha, parabéns, essa chapa puro sangue vai levantar esse país com as bençãos de Deus 🖐️👏👏🇧🇷"
YOUTUBE_0368,Form_Youtube_08,18,youtube,Ugz2KtrE4g6x5g9V1iJ4AaABAg,Lula,NORDESTINO ARRETADO 🙌 LULA GRANDE ESTADISTA ❤🙏
YOUTUBE_0369,Form_Youtube_08,19,youtube,UgzIDMM1ExvWPlDTA9d4AaABAg,Flavio Bolsonaro,Vamos rumo a vitória Flávio Bolsonaro 22🇧🇷🇧🇷🇧🇷🇧🇷🇧🇷🇧🇷
YOUTUBE_0370,Form_Youtube_08,20,youtube,UgwOjwxQ8Y9kfAxGScJ4AaABAg,Flavio Bolsonaro,Flávio na presidência e Lula na cadeia
YOUTUBE_0371,Form_Youtube_08,21,youtube,Ugz_Dg1Q1c0jtyhbuuB4AaABAg,Lula,"Lindo evento, parabéns meu presidente"
YOUTUBE_0372,Form_Youtube_08,22,youtube,UgxmncMx9RRqaeF5GfN4AaABAg,Flavio Bolsonaro,Deus pátria família e liberdade 🗽🗽🗽🗽
YOUTUBE_0373,Form_Youtube_08,23,youtube,UgzMEWZi3UvIDWFy-zV4AaABAg,Flavio Bolsonaro,#22FlavioBolsonaro
YOUTUBE_0374,Form_Youtube_08,24,youtube,UgyIk5ajptem-ZDISm54AaABAg,Lula,"Bom dua hermano Presidente Lula, parabens para voce, muito obrigado por la informação. Atte. Rodolfo Pierola Ergueta Presidente del Consejo Internacional de Residentes Bolivianos en el Exterior."
YOUTUBE_0375,Form_Youtube_08,25,youtube,UgzdKb18lwxosKiKXwh4AaABAg,Flavio Bolsonaro,"Flávio, seja forte e seja você mesmo sempre. Fale o que têm que falar e não deixa esses assessores de merda controlarem suas palavras. Vamos acabar com a corrupção no nosso Brasil, tenho uma ideia só não sei se é possível. Mas, é essa. Acabar com todos os intermediários entre o dinheiro dos aposentados, beneficiários de bolsa família entre outros. Direto do banco central para os bolsos dos mesmos diretamente no CPF pelo Pix"
YOUTUBE_0376,Form_Youtube_08,26,youtube,UgwTFpgJOkZeSioQtM94AaABAg,Lula,"Msu querido presidente Lula, Deus lhe dê muitos anos de vida e saúde e te proteja ❤❤❤❤❤❤"
YOUTUBE_0377,Form_Youtube_08,27,youtube,Ugzphx5E3SUQigMl14J4AaABAg,Lula,Quando o povo depende dos resultados Jeová gire intervém com sua destra poderosa a favor dos que mais necessecitao.
YOUTUBE_0378,Form_Youtube_08,28,youtube,UgyaZ49pfk74YY0qOzt4AaABAg,Lula,Amooooooooooo esse homem ❤❤❤❤
YOUTUBE_0379,Form_Youtube_08,29,youtube,UgwE5Yd9E5Um3i7otY94AaABAg,Flavio Bolsonaro,Escolha maravilhosa!!!!!!!
YOUTUBE_0380,Form_Youtube_08,30,youtube,UgzAilyecz2R2Na4uHB4AaABAg,Flavio Bolsonaro,Sou nordestino e tô com Flávio BOLSONARO PRESIDENTE 🇧🇷🫡2️⃣2️⃣
YOUTUBE_0381,Form_Youtube_08,31,youtube,UgwF9-jOUNBdwuwxZex4AaABAg,Flavio Bolsonaro,"Estamos juntos Flávio!!! Em outubro iremos coloca-lo na presidência, e esperamos que todos que estão perseguindo e quebrando a constituição, vá pra cadeia em regime fechado sem progressão de pena. #Flavio22"
YOUTUBE_0382,Form_Youtube_08,32,youtube,UgyhSE--8u1Pi0iV1gF4AaABAg,Lula,"Quando fizeram greve em 2018,faltou de tudo."
YOUTUBE_0383,Form_Youtube_08,33,youtube,Ugx6GQ959mwzTrQaqt14AaABAg,Flavio Bolsonaro,PRA CIMA DELES FLAVIO !!!!
YOUTUBE_0384,Form_Youtube_08,34,youtube,UgxjfNVYZdlfPdq3G6h4AaABAg,Flavio Bolsonaro,Deus não te desampara ❤beijos cy70anos Shalom Lins SP Brasil
YOUTUBE_0385,Form_Youtube_08,35,youtube,UgyI6rZN0Hj_AxPcx194AaABAg,Flavio Bolsonaro,"Mariana MG está fechada com você Flávio Bolsonaro F 22, e eu sou um desses Marianense."
YOUTUBE_0386,Form_Youtube_08,36,youtube,UgzM4ILjv_DJ0UaUOQp4AaABAg,Flavio Bolsonaro,"Sou bolsonarista, sou Flávio 22 🇧🇷🤝"
YOUTUBE_0387,Form_Youtube_08,37,youtube,UgznfQQf9y81dV6ckod4AaABAg,Flavio Bolsonaro,"Flávio muito obrigada pela sábia escolha do vice-presidente do Brasil, senhor Alfredo Gaspar. Força e coragem nessa jornada. Vitória! 🍾👏 Flávio 2️⃣2️⃣ ✅"
YOUTUBE_0388,Form_Youtube_08,38,youtube,Ugxxmfn9GSWd_PHks1h4AaABAg,Flavio Bolsonaro,A desesperança é grande viu. Mas temos que ficar em formar um grande Senado de Direita
YOUTUBE_0389,Form_Youtube_08,39,youtube,UgyS-R9-6AZXpTUUZJx4AaABAg,Flavio Bolsonaro,Flávio Bolsonaro nós somos de Deus Pátria Família e Liberdade 🇧🇷
YOUTUBE_0390,Form_Youtube_08,40,youtube,Ugw3WMSsqlKHvOiLPPJ4AaABAg,Flavio Bolsonaro,Santa Luzia PB...vamossss.Morei 29 anos no RJ...sempre votei no Sr..no Carlos no Bolsonaro...q maravilha poder votar no Sr p presidente.Ja tô c meu título em dia ..vamos q vamos💚🇧🇷🇧🇷🇧🇷🇧🇷🇧🇷🇧🇷🇧🇷🇧🇷🇧🇷🇧🇷🇧🇷🇧🇷
YOUTUBE_0391,Form_Youtube_08,41,youtube,UgwMMCSUPSFh05q9hsx4AaABAg,Flavio Bolsonaro,"Flávio Bolsonaro, Deus o abençoe e proteja nessa jornada por um Bra 🇧🇷 sil melhor para todos. Deus abençoe o nosso Presidente Bolsonaro"
YOUTUBE_0392,Form_Youtube_08,42,youtube,Ugz6E0o433UZOXY7AEV4AaABAg,Flavio Bolsonaro,"Flávio os votos de toda a minha família são pra você, de Manaus-Am"
YOUTUBE_0393,Form_Youtube_08,43,youtube,UgxUYBaeLk5eIx8C3TJ4AaABAg,Flavio Bolsonaro,22 pra mudar a história do Brasil
YOUTUBE_0394,Form_Youtube_08,44,youtube,Ugw4d9tm24ebn8Wr8XF4AaABAg,Flavio Bolsonaro,FLÁVIO BOLSONARO 22. EM NOME DE JESUS.
YOUTUBE_0395,Form_Youtube_08,45,youtube,Ugydx6jWiLdrDHk_jV54AaABAg,Flavio Bolsonaro,"FLÁVIO BOLSONARO PRESIDENTE TAMOS JUNTOS IRMÃO , DEUS ABENÇOE A TODOS EM NOME DE JESUS AMÉM !!"
YOUTUBE_0396,Form_Youtube_08,46,youtube,Ugya7e2joE5C8vLdhg54AaABAg,Flavio Bolsonaro,Deus-te proteja de todo o mal!!
YOUTUBE_0397,Form_Youtube_08,47,youtube,Ugw7e1HEaYHA_clXBXV4AaABAg,Flavio Bolsonaro,Pra cima Flávio 22
YOUTUBE_0398,Form_Youtube_08,48,youtube,UgznMW3HbIz7ABP-C1d4AaABAg,Lula,"Precisamos eleger partidos progressistas, chega de PL, União Brasil, Republicanos, PP, Missão, Novo, PSD, entre tantos outros."
YOUTUBE_0399,Form_Youtube_08,49,youtube,UgyGOivMp_o5WW_bT3N4AaABAg,Lula,❤ Lula ❤ tetra 🇧🇷 🙌🙌🙌 👏🏼👏🏼👏🏼👏🏼
YOUTUBE_0400,Form_Youtube_08,50,youtube,Ugyqv-6qdP-odE1yLvV4AaABAg,Lula,"Estamos diante do último mandato de um dos melhores presidentes da história do país, simplesmente fantástico."
YOUTUBE_0401,Form_Youtube_09,1,youtube,Ugx7oPGfd8XqfewSAtJ4AaABAg,Flavio Bolsonaro,Camos lá 💪💪💪💪🇧🇷🇧🇷🇧🇷🇧🇷🇧🇷222
YOUTUBE_0402,Form_Youtube_09,2,youtube,Ugw6uJuc5LYCwfhhrpB4AaABAg,Flavio Bolsonaro,Flávio Bolsonaro Presidente 2️⃣2️⃣✅🇧🇷🇧🇷
YOUTUBE_0403,Form_Youtube_09,3,youtube,UgzYkIslagmEFe90rLx4AaABAg,Flavio Bolsonaro,🍉🏴‍☠️💰🏴‍☠️⭐👺⭐🏴‍☠️💰🏴‍☠️🍉🤬🤬🤬
YOUTUBE_0404,Form_Youtube_09,4,youtube,UgxUNVnE-H37W2l088l4AaABAg,Flavio Bolsonaro,God Bless Flávio Bolsonaro! 🌍🇧🇷💀👉🏻👉🏻
YOUTUBE_0405,Form_Youtube_09,5,youtube,Ugxc0QrcbIfMEPnq-wF4AaABAg,Flavio Bolsonaro,Esta dor Flávio não é só. sua é de todos os patriotas do bem amamos o nosso presidente. E o senhor Jesus Cristo vai entrar com mãos fortes logo logo estaremos cantando o hino da vitória só mais um pouquinho e essa jornada irá ter fim 🗽🗽🗽
YOUTUBE_0406,Form_Youtube_09,6,youtube,UgyDNZT6EjYxvnnzecp4AaABAg,Lula,Vamos votar em Deputado Senador Governador Progressistas…que são aliados ao LULA 🇧🇷 2026 TETRA 🎉👏👏👏…Estado Santa Catarina!!
YOUTUBE_0407,Form_Youtube_09,7,youtube,UgwFvi3n2LSZo9lTkDh4AaABAg,Flavio Bolsonaro,FORÇA FLÁVIO 22 22 22 SOU AQUI SE SÃO PAULO
YOUTUBE_0408,Form_Youtube_09,8,youtube,Ugx4WI_a-Lcttaq5Q7d4AaABAg,Flavio Bolsonaro,"Assim seja, amém 🙏🙌"
YOUTUBE_0409,Form_Youtube_09,9,youtube,UgykjiNRf2jymYcBdjZ4AaABAg,Lula,Vc v Crio a saúde dos ladrões do do mensalão Petrobras do INSS do Lulinha 300 mil madrinha .careca INSS....
YOUTUBE_0410,Form_Youtube_09,10,youtube,UgzEawpf5fDqsvmjVQN4AaABAg,Lula,Levou água pra Nortesino obras paradas foram respaldo UTI pra todas cidades 35 morrendo irmão e irmã falta dey UTI Caído outros covernador congresso Jesus Cristo Às Folsa Almadas tudo trabalhadores
YOUTUBE_0411,Form_Youtube_09,11,youtube,UgyEYvfvK8XtLT8DzDx4AaABAg,Lula,Boa tarde Queria ter ido muito mais estou com um probleminha de saúde mais fico muito feliz de saber que lula teve a garagem de sempre vir aqui gostaria de dizer a ele que meu primeiro voto foi nele em 1989 Pra deputado e de lá pra cá so voltei nele obrigado
YOUTUBE_0412,Form_Youtube_09,12,youtube,UgwvV0h3u-TDkTd3ycl4AaABAg,Flavio Bolsonaro,Meu presidente Flávio Bolsonaro. Você já é o meu presidente. Tamos juntos.🇧🇷🇧🇷🇧🇷🇧🇷🇧🇷🇧🇷🇧🇷🇧🇷🇧🇷🇧🇷🇧🇷🇧🇷🇧🇷🇧🇷🇧🇷🇧🇷
YOUTUBE_0413,Form_Youtube_09,13,youtube,UgzCTiWzRM_X6naHBiJ4AaABAg,Flavio Bolsonaro,Flávio Bolsonaro presidente 22.🇧🇷🇧🇷🇧🇷🇧🇷🙏🙏🙏
YOUTUBE_0414,Form_Youtube_09,14,youtube,UgztHaEnLtH66cbBUJd4AaABAg,Flavio Bolsonaro,CHOCADA COM A TRAIÇÃO DO REPUBLICANOS. UMA CORJA NA MÃO DO STF. TMJ FLÁVIO 🇧🇷
YOUTUBE_0415,Form_Youtube_09,15,youtube,UgytlJ6Mc0JbTSDNa1p4AaABAg,Flavio Bolsonaro,Deus te abençoe poderosamente
YOUTUBE_0416,Form_Youtube_09,16,youtube,UgwWXS7Mxs-4bAd920x4AaABAg,Flavio Bolsonaro,"Orgulhosa do Alfredo, ele já se curou do “senhor”. Isso mesmo, não é hierarquia, é parceria! É ombro a ombro!"
YOUTUBE_0417,Form_Youtube_09,17,youtube,UgyBcJNf626GaohzU9x4AaABAg,Lula,Manda umas camisas para mim ❤❤
YOUTUBE_0418,Form_Youtube_09,18,youtube,Ugy5XImFb4oHMBp0qIZ4AaABAg,Flavio Bolsonaro,Brasil acorda. Acorda nordeste acorda brasileiros acorda Brasil acorda Mato Grosso Acorda RS
YOUTUBE_0419,Form_Youtube_09,19,youtube,UgwHQ07o-dWrywAhXwh4AaABAg,Flavio Bolsonaro,"Acaba com os impostos que esfolam nós trabalhadores. Vão em busca do dinheiro roubado em tantos escandalos no governo PT. Criem mecanismos para o empreendedor, agricultor, autônomo, para combater e punir criminosos. Deem liberdade para o povo crescer em todos os sentidos e se tornar ricos. Cuide dos idosos, das crianças, dos necessitados e dos órfãos. Governe por AMOR ao próximo e não por status, poder ou riqueza. Peça em oração, sabedoria, coração puro, manso e justo, força e fé para fazer o que agrada a Deus, desta forma, serás um bom governante. Liberte Jair Bolsonaro! Deus te abençoe! Bom dia"
YOUTUBE_0420,Form_Youtube_09,20,youtube,UgzadXiHhoNmPrKWtMB4AaABAg,Flavio Bolsonaro,Flávio só tem um senador em Minas que vocês apoiam??????????
YOUTUBE_0421,Form_Youtube_09,21,youtube,UgxzLGkiSqbGHIdJIip4AaABAg,Flavio Bolsonaro,Nossa Adoro o Gaspar puts Foi ótimo Flavio.
YOUTUBE_0422,Form_Youtube_09,22,youtube,UgztOwuwcvYWW3_9mWp4AaABAg,Flavio Bolsonaro,Temos Juntos. Flávio
YOUTUBE_0423,Form_Youtube_09,23,youtube,Ugwa7HQdG3EXVQviy6Z4AaABAg,Flavio Bolsonaro,"Deus, Pátria, família e Flávio Bolsonaro na direção desse barco gigante que é o Brasil e está para afundar se nós brasileiros não fizermos a nossa parte. 22 para o Brasil!!!"
YOUTUBE_0424,Form_Youtube_09,24,youtube,UgxDjkloj08xY0FuOsF4AaABAg,Flavio Bolsonaro,Deus abençoe Flávio 22 22 22 22 22 22 🎉🎉🎉🎉
YOUTUBE_0425,Form_Youtube_09,25,youtube,UgyBPyoyd3Uj4QPB78N4AaABAg,Flavio Bolsonaro,Com Bolsonaro sempre. Se Deus é por nós quem será contra nós 🙏
YOUTUBE_0426,Form_Youtube_09,26,youtube,UgyHYWKL2sHYxlTh99J4AaABAg,Lula,Disse bem: LULA13 É EXTRAORDINÁRIO! Por isso será TETRA PRESIDENTE! 👏👏👏❤
YOUTUBE_0427,Form_Youtube_09,27,youtube,UgxajHjBaazM5SZzImh4AaABAg,Flavio Bolsonaro,"https://youtu.be/aVsNb6CY09Y?is=4NHB6qwgnCiHfEGT Nosso Futuro Presidente Flávio, Pelo Amor de Deus do Céu!!! É MINAS GERAIS, Presidente. Por que o Sen. CLEITINHO AZEVEDO NÃO PODE SAIR por M.G.?!? Ele é o Nome ESCOLHIDO pelo POVO DE MINAS GERAIS. Meu Deus do Céu, AJUDE ELE, Presidente."
YOUTUBE_0428,Form_Youtube_09,28,youtube,UgwKtBgWwaq3aaJTlHV4AaABAg,Lula,Esse menino encantou o video
YOUTUBE_0429,Form_Youtube_09,29,youtube,UgyZCR7JKNzDCXsZ9AJ4AaABAg,Lula,Uma grande dupla que está fazendo a diferença no BRASIL
YOUTUBE_0430,Form_Youtube_09,30,youtube,Ugy4KwbeWJv3wxflMKR4AaABAg,Lula,Viva o presidente Lula! Rumo ao tetra! Pra seguir trabalhando pelo povo brasileiro e mudando a vida de tantas pessoas!
YOUTUBE_0431,Form_Youtube_09,31,youtube,UgwLY2uElMdtDFXQsPp4AaABAg,Flavio Bolsonaro,Luis Philippe é o melhor vice.
YOUTUBE_0432,Form_Youtube_09,32,youtube,UgziZ7makprjpQ2H1gp4AaABAg,Flavio Bolsonaro,O glória eu creio na nossa vitória! Flávio Bolsonaro presidente do Brasil
YOUTUBE_0433,Form_Youtube_09,33,youtube,UgxFkuTPlnAB9964d7t4AaABAg,Flavio Bolsonaro,"O rumo do nosso País não esta no voto, estão com os mesários, em 2022 até os mortos votaram até as 23:59hs"
YOUTUBE_0434,Form_Youtube_09,34,youtube,Ugw1wkif9wf0cbTyz554AaABAg,Flavio Bolsonaro,"Carrasco de Lulinha, ótimo nome esse do Alfredo Gaspar! 👏🏼👏🏼"
YOUTUBE_0435,Form_Youtube_09,35,youtube,UgwBPWw-I1diDnF5zEF4AaABAg,Flavio Bolsonaro,Bolsonaro 22 22 22 22 22 22 22 22 22 22 22 22 22 22 22 22 22
YOUTUBE_0436,Form_Youtube_09,36,youtube,UgwANHFrWcJGyHwia3p4AaABAg,Flavio Bolsonaro,"Flávio, não adianta nada disso!!! O luladråo já comprou todos...vc não vence mesmo!!! Esse país já era!"
YOUTUBE_0437,Form_Youtube_09,37,youtube,UgwXi8_K5BLMJ6BakB54AaABAg,Flavio Bolsonaro,Ele Nunca escondeu
YOUTUBE_0438,Form_Youtube_09,38,youtube,Ugxfn76fib6_cbS5c_V4AaABAg,Lula,Estieuprezidenti Qitenmorau Respeito❤❤❤
YOUTUBE_0439,Form_Youtube_09,39,youtube,Ugx2Mdaf4MuTCIxbZYh4AaABAg,Lula,Tetra campeão ❤
YOUTUBE_0440,Form_Youtube_09,40,youtube,Ugy_M7bjxroqHbMY7Fh4AaABAg,Flavio Bolsonaro,Boa meu presidente
YOUTUBE_0441,Form_Youtube_09,41,youtube,UgzdA0llQ80_167WmpB4AaABAg,Flavio Bolsonaro,Chupaaaaaa globolixoooo
YOUTUBE_0442,Form_Youtube_09,42,youtube,UgwUukjzruIaErjFUcB4AaABAg,Flavio Bolsonaro,"AMEI ESSA COMPOSIÇÃO, SOU FÃ DE ALFREDO GASPAR 🇧🇷💙🇧🇷💙🇧🇷💙🇧🇷💙💖💖💖💖💖💖💖"
YOUTUBE_0443,Form_Youtube_09,43,youtube,Ugwc5iVxbRkxStetclx4AaABAg,Flavio Bolsonaro,"Em nome de Jesus Cristo de Nazaré, vai dar tudo certo! 🤝🇧🇷"
YOUTUBE_0444,Form_Youtube_09,44,youtube,UgwqB_oACAc0SftfrQt4AaABAg,Lula,♥️👏🏻Falou tudo PAPAI PRESIDENTE DE UM PAIS SOBERANO🇧🇷🙏🏻
YOUTUBE_0445,Form_Youtube_09,45,youtube,UgyJFRHE9ResoWSDuHt4AaABAg,Lula,Quando eu nasci
YOUTUBE_0446,Form_Youtube_09,46,youtube,UgxCCsKIYbVGA3SkIKt4AaABAg,Flavio Bolsonaro,Merecidamente Alfredo Gaspar esse tem o meu respeito boa Flávio
YOUTUBE_0447,Form_Youtube_09,47,youtube,UgyPtF9CAPEeMmAFBxd4AaABAg,Lula,Oi.junior.Marau.BA🇧🇷🚩🤍💚🫵
YOUTUBE_0448,Form_Youtube_09,48,youtube,Ugyq1dMsmOxlXzBv4NF4AaABAg,Flavio Bolsonaro,22 FLÁVIO BOLSONARO TMJ 🇧🇷🇧🇷🇧🇷 Rumo a vitória!!
YOUTUBE_0449,Form_Youtube_09,49,youtube,UgzPIcofq3z_SCick4B4AaABAg,Lula,Lula reeleito no primeiro turno 🇧🇷 ❤
YOUTUBE_0450,Form_Youtube_09,50,youtube,UgwXFumc1YOw6mwXgl54AaABAg,Lula,Só foi quem é dependente de bolsa família
YOUTUBE_0451,Form_Youtube_10,1,youtube,UgxjzlHeNk5ovfUVGc94AaABAg,Flavio Bolsonaro,"Um grande presidente, assim como o pai 🇧🇷"
YOUTUBE_0452,Form_Youtube_10,2,youtube,UgzkHDBGgwxQrsDxSPl4AaABAg,Lula,Esse é o meu senador @Pimenta
YOUTUBE_0453,Form_Youtube_10,3,youtube,UgwiLfoBRY9SkkpcFv14AaABAg,Lula,Parabens a todos❤❤❤❤❤ Lula❤❤❤❤❤
YOUTUBE_0454,Form_Youtube_10,4,youtube,UgzGWZW4nneMfviXG2Z4AaABAg,Flavio Bolsonaro,22 22 22 22 🇧🇷 🇧🇷
YOUTUBE_0455,Form_Youtube_10,5,youtube,UgwX_wX0Njdr9B8Ll2h4AaABAg,Flavio Bolsonaro,"NOSSO AMADO DEUS DOS EXERCÍTOS DE ISRAEL EM CRISTO É CONOSCO. PARABÉNS FÉ, FORÇA E CORAGEM. ABRAÇO E SAÚDE AO NOSSO QUERIDO JAIR, FLÁVIO E TODOS OS PAIS. ESPERAMOS FLÁVIO AQUI EM SALVADOR, BAHIA JUNTO DE ACM... VENHAM... SE DEUS QUISER. AMÉM. FAMÍLIA PLANO DE DEUS... EU CREIOOOO. AMÉM. OXENTE: FLÁVIO BOLSONARO PARA PRESIDENTE DA REPÚBLICA E GASPAR PARA VICE PRESIDÊNCIA. AMÉM"
YOUTUBE_0456,Form_Youtube_10,6,youtube,Ugxd0h6_PnnB9GkDmxJ4AaABAg,Flavio Bolsonaro,"DEUS te ABENÇOE e te proteja Flávio Bolsonaro, mas todo cuidado é pouco"
YOUTUBE_0457,Form_Youtube_10,7,youtube,Ugwb6gF_qOlM_Z2EWyF4AaABAg,Flavio Bolsonaro,Deus abençoe meu presidente 🙌
YOUTUBE_0458,Form_Youtube_10,8,youtube,Ugz3vtQFijK8zH9F7nZ4AaABAg,Flavio Bolsonaro,Estaremos lá às 20h.💚💛
YOUTUBE_0459,Form_Youtube_10,9,youtube,UgzMkpIIzRMk065GOCZ4AaABAg,Flavio Bolsonaro,F2️⃣2️⃣🇧🇷🇧🇷🇧🇷🇧🇷
YOUTUBE_0460,Form_Youtube_10,10,youtube,Ugwihbuz0T3gh5vaCKx4AaABAg,Flavio Bolsonaro,"Vamos ser super honesto, até aí nada de novo, TAL PAI TAL FILHO. O P.T É ENGANAÇÃO PURA , A PIOR PRESTAÇÃO DE CONTAS VAI SER A DIVINA."
YOUTUBE_0461,Form_Youtube_10,11,youtube,UgzZpzR6pRnWjBlbMLd4AaABAg,Lula,Grande presidente Lula! Grande estadista brasileiro!! 👏👏🏻👏🏼👏🏽👏🏾👏🏿
YOUTUBE_0462,Form_Youtube_10,12,youtube,UgwEFLIcjsMDeJlE-Y54AaABAg,Flavio Bolsonaro,"DEUS TA NO CONTROLE E NÓS VENCEREMOS, MEU CAPITÃO SERÁ LIVRE EU CREIO AMÉM AMÉM AMÉM"
YOUTUBE_0463,Form_Youtube_10,13,youtube,UgwvrwzhfJzWKIkDtcd4AaABAg,Flavio Bolsonaro,Caramba uma boa escolha
YOUTUBE_0464,Form_Youtube_10,14,youtube,UgzZIQxWFiZWRizAvKt4AaABAg,Flavio Bolsonaro,Esse é um sonho que a o brasileiro precisa tornar realidade
YOUTUBE_0465,Form_Youtube_10,15,youtube,Ugy2VF_cJsHCoPvvvop4AaABAg,Flavio Bolsonaro,Agora é FLÁVIO
YOUTUBE_0466,Form_Youtube_10,16,youtube,Ugx8pVPjGtsIENR-GHN4AaABAg,Flavio Bolsonaro,👏👏👏👏👏👏👏👏👏👏👏👏👏👏👏👏👏👏👏👏👏👏🇳🇮🇦🇷🇧🇷🇺🇲🇳🇮🇦🇷🇧🇷🇺🇲🇳🇮🇦🇷🇧🇷🇺🇲🇳🇮🇦🇷🇧🇷🇺🇲
YOUTUBE_0467,Form_Youtube_10,17,youtube,UgwWmWRCtM0YFGznKQ94AaABAg,Lula,É tudo lindo ê 13.13papinho Lula da Silva 💥❤💥❤💥
YOUTUBE_0468,Form_Youtube_10,18,youtube,UgwPspqI2K36DXCaAcN4AaABAg,Flavio Bolsonaro,Deus te abençoe Flávio Bolsonaro 🙏 nosso futuro presidente do Brasil 🇧🇷🇧🇷 É 2️⃣2️⃣
YOUTUBE_0469,Form_Youtube_10,19,youtube,UgzL8CsEEfSga-Z4rhN4AaABAg,Lula,O maior exemplo de luta de todos os tempos!
YOUTUBE_0470,Form_Youtube_10,20,youtube,UgypizBorzTX94dQO7V4AaABAg,Flavio Bolsonaro,QUE PAIS É ESSE!!!??? 👀🇧🇷🫢
YOUTUBE_0471,Form_Youtube_10,21,youtube,UgyUeHFoV5L2dhXOl5l4AaABAg,Lula,"Oiiiieeee boa noite Presidente, boora!"
YOUTUBE_0472,Form_Youtube_10,22,youtube,UgzcIo5BTngipDxznLF4AaABAg,Flavio Bolsonaro,Vamos vencer 01🇧🇷🇧🇷🇧🇷
YOUTUBE_0473,Form_Youtube_10,23,youtube,UgyXK-JzZHfEPPXjDrV4AaABAg,Lula,Força Brasil lula
YOUTUBE_0474,Form_Youtube_10,24,youtube,UgwjWk_jgXux8e-klzV4AaABAg,Flavio Bolsonaro,FORALULA FORALULA FORALULAFORALULAFORALULA
YOUTUBE_0475,Form_Youtube_10,25,youtube,UgzZAuM2t2fuCd5mu_N4AaABAg,Lula,Tudo muito lindo Estamos juntos 🤝🏻 de novo é 13 fechado ❤🌟❤🤝🏻
YOUTUBE_0476,Form_Youtube_10,26,youtube,Ugx8kVxB5Z6wR7EnIXV4AaABAg,Flavio Bolsonaro,Fala oque você vai fazer pelo país deixa os bandidos viver as vida deles quando você vencer aí você resolve. Oque vai fazer com os bandidos ok não fala soubri Esso porque tem muitos pai que tem filhos bandido. Traficantes para de falar soubri esso
YOUTUBE_0477,Form_Youtube_10,27,youtube,UgxDAwySLML5pmuf7FN4AaABAg,Lula,Lula imortal! Gênio Grannnnnde!!!
YOUTUBE_0478,Form_Youtube_10,28,youtube,UgyqD2cvIDFol4jpPwh4AaABAg,Flavio Bolsonaro,"Que alívio, adorei saber que as feminazes ficaram fora, o Brasil aplaude."
YOUTUBE_0479,Form_Youtube_10,29,youtube,UgwZrKg41FQFGOSfhHJ4AaABAg,Flavio Bolsonaro,"Isso eh desespero deles, sabem q ja perderam."
YOUTUBE_0480,Form_Youtube_10,30,youtube,UgzVKK9wl1Rp5p6Qzw14AaABAg,Lula,"Olê, olê, olá Lula!! Lula!! Tetra!!!"
YOUTUBE_0481,Form_Youtube_10,31,youtube,UgwuN77lbT-FjDvULyN4AaABAg,Flavio Bolsonaro,"Parabéns Flávio, pela escolha do vice-presidente Alfredo Gaspar"
YOUTUBE_0482,Form_Youtube_10,32,youtube,Ugxv5oPuKB-5arBQL2R4AaABAg,Flavio Bolsonaro,Todos os homens e mulheres de bem estão com você Flávio Nosso presidente Bolsonaro será livre muito em breve
YOUTUBE_0483,Form_Youtube_10,33,youtube,UgxYs42I8pOedwbS-Ed4AaABAg,Flavio Bolsonaro,Feliz Dia dos Pais! 🙌🏼 👁️👁️🇧🇷
YOUTUBE_0484,Form_Youtube_10,34,youtube,UgxIyqWTN3Ck0tG0Y2N4AaABAg,Flavio Bolsonaro,O problema no Rio é que o povão gosta muito dos parquinhos.
YOUTUBE_0485,Form_Youtube_10,35,youtube,Ugx6Ow8EDIiLjVE_gHh4AaABAg,Flavio Bolsonaro,Deus abençoe o Brasil e o povo Brasileiro 😢❤🙏
YOUTUBE_0486,Form_Youtube_10,36,youtube,UgxtVwByxk9r8bYHoWp4AaABAg,Flavio Bolsonaro,22 22 Novamente Flavio Bolsonaro 🇧🇷🇧🇷🇧🇷🇧🇷🇧🇷🇧🇷🇧🇷🇧🇷🇧🇷🇧🇷🙏👏👏🙌🙌🙌🙌✌️💪
YOUTUBE_0487,Form_Youtube_10,37,youtube,UgzR44fjmpjGs0MK_Gd4AaABAg,Lula,Como assim se o vice presidente já está discursando
YOUTUBE_0488,Form_Youtube_10,38,youtube,UgyOaEM06FMx6heJS4N4AaABAg,Lula,Obrigada pelo vídeo
YOUTUBE_0489,Form_Youtube_10,39,youtube,UgyjLW1GwnfSUrZv8LB4AaABAg,Lula,Lula você é o melhor da história desse país
YOUTUBE_0490,Form_Youtube_10,40,youtube,UgxyngOtMaRfcCOFxXF4AaABAg,Flavio Bolsonaro,Parabéns Flávio Bolsonaro presidente do Brasil
YOUTUBE_0491,Form_Youtube_10,41,youtube,Ugwgr7QTyXOd4ToxwFx4AaABAg,Flavio Bolsonaro,Bom dia meu presidente! 2️⃣2️⃣✝️🙏🇧🇷🇮🇱🇺🇸🫶
YOUTUBE_0492,Form_Youtube_10,42,youtube,Ugzmn5ejiWol5QTUzAd4AaABAg,Lula,LULA 1️⃣3️⃣🇧🇷❤️🙌🏻🇧🇷❤️🙌🏻🇧🇷❤️🙌🏻🇧🇷❤️🙌🏻🇧🇷❤️🙌🏻🇧🇷❤️🙌🏻🇧🇷❤️🙌🏻🇧🇷❤️🙌🏻🇧🇷❤️🙌🏻🇧🇷❤️🙌🏻
YOUTUBE_0493,Form_Youtube_10,43,youtube,UgwNkJCVC68zZ0F2wBl4AaABAg,Flavio Bolsonaro,🇧🇷🇧🇷🇧🇷🇧🇷🇧🇷🇧🇷🇧🇷🇧🇷🇧🇷🇧🇷🇧🇷
YOUTUBE_0494,Form_Youtube_10,44,youtube,Ugz9u24NzC--QX8IWTB4AaABAg,Flavio Bolsonaro,Beijo abençoe Saúde amigo paz-e-amor você vida anjo Deus amém Boa bem bom paz
YOUTUBE_0495,Form_Youtube_10,45,youtube,Ugz4F4XeheuLR4TCtwJ4AaABAg,Lula,LULA TETRA NO PRIMEIRO TURNO E JERÔNIMO BI NA BAHIA
YOUTUBE_0496,Form_Youtube_10,46,youtube,UgylE8l1ZeRZzn2J6ld4AaABAg,Flavio Bolsonaro,FLÁVIO BOLSONARO SEMPRE 22 22 22 22 22 22 22 22 22 22 22 22
YOUTUBE_0497,Form_Youtube_10,47,youtube,UgytMSK4inoQvav3XcV4AaABAg,Lula,"Votar em Lula é livrar o Brasil de um retrocesso, de cair em mãos descomprometidos com a democracia e com o bem estar da população."
YOUTUBE_0498,Form_Youtube_10,48,youtube,UgzXsVJ527r9pBjnizh4AaABAg,Lula,"Se as pessoas fossem gratas, Lula não precisava nem de fazer campanha e seria eleito no primeiro turno."
YOUTUBE_0499,Form_Youtube_10,49,youtube,UgxWungwBh0cexcLDB94AaABAg,Flavio Bolsonaro,🇧🇷🇧🇷 Saudades do Eterno Presidente Bolsonaro 🇧🇷🇧🇷🇧🇷
YOUTUBE_0500,Form_Youtube_10,50,youtube,UgwIhy9rADpRk90IChd4AaABAg,Flavio Bolsonaro,"No desgoverno Lula, isso é normal."
